date,daily_revenue
2026-01-01,10500.0
2026-01-02,8100.0
2026-01-03,20200.0
2026-01-04,18200.0
2026-01-05,7000.0
2026-01-06,9200.0
2026-01-07,20200.0
2026-01-08,5700.0
2026-01-09,17700.0
2026-01-10,10200.0
2026-01-11,15500.0
2026-01-12,1200.0
2026-01-13,23200.0
2026-01-14,19500.0
2026-01-15,9200.0
2026-01-16,8000.0
2026-01-17,15900.0
2026-01-18,18400.0
2026-01-19,14500.0
2026-01-20,13000.0
2026-01-21,10200.0
2026-01-22,9500.0
2026-01-23,20000.0
2026-01-24,11700.0
2026-01-25,14200.0
2026-01-26,8200.0
2026-01-27,15200.0
2026-01-28,5700.0
2026-01-29,11200.0
2026-01-30,13500.0
2026-01-31,9400.0
2026-02-01,11000.0
2026-02-02,8200.0
2026-02-03,21900.0
2026-02-04,25900.0
2026-02-05,9700.0
2026-02-06,6000.0
2026-02-07,17500.0
2026-02-08,12900.0
2026-02-09,13500.0
2026-02-10,5200.0
2026-02-11,17000.0
2026-02-12,11400.0
2026-02-13,16600.0
2026-02-14,10000.0
2026-02-15,27600.0
2026-02-16,13500.0
2026-02-17,16200.0
2026-02-18,11200.0
2026-02-19,10500.0
2026-02-20,5700.0
2026-02-21,16700.0
2026-02-22,11000.0
2026-02-23,7500.0
2026-02-24,7000.0
2026-02-25,11200.0
2026-02-26,23200.0
2026-02-27,7700.0
2026-02-28,8000.0
2026-03-01,8500.0
2026-03-02,25100.0
2026-03-03,24600.0
2026-03-04,9700.0
2026-03-05,0.0
2026-03-06,4200.0
2026-03-07,13000.0
2026-03-08,17000.0
2026-03-09,4400.0
2026-03-10,2500.0
2026-03-11,2500.0
2026-03-12,7500.0
2026-03-13,15700.0
2026-03-14,7000.0
2026-03-15,19200.0
2026-03-16,8700.0
2026-03-17,14600.0
2026-03-18,14500.0
2026-03-19,6000.0
2026-03-20,8500.0
2026-03-21,5900.0
2026-03-22,14100.0
2026-03-23,13000.0
2026-03-24,9200.0
2026-03-25,10700.0
2026-03-26,11200.0
2026-03-27,12500.0
2026-03-28,14200.0
2026-03-29,14900.0
2026-03-30,10200.0
2026-03-31,500.0
2026-04-01,8000.0
2026-04-02,10700.0
2026-04-03,32400.0
2026-04-04,8200.0
2026-04-05,10200.0
2026-04-06,15000.0
2026-04-07,19600.0
2026-04-08,54000.0
2026-04-09,12400.0
2026-04-10,10900.0
2026-04-11,8100.0
2026-04-12,10600.0
2026-04-13,13900.0
2026-04-14,10500.0
2026-04-15,4400.0
2026-04-16,9000.0
2026-04-17,7200.0
2026-04-18,8900.0
2026-04-19,9500.0
2026-04-20,6000.0
2026-04-21,21000.0
2026-04-22,8000.0
2026-04-23,10500.0
2026-04-24,17200.0
2026-04-25,16500.0
2026-04-26,20200.0
2026-04-27,4500.0
2026-04-28,13400.0
2026-04-29,26400.0
2026-04-30,7500.0
2026-05-01,6900.0
2026-05-02,12400.0
2026-05-03,0.0
2026-05-04,15300.0
2026-05-05,18200.0
2026-05-06,27200.0
2026-05-07,7700.0
2026-05-08,6000.0
2026-05-09,16700.0
2026-05-10,19500.0
2026-05-11,11500.0
2026-05-12,19500.0
2026-05-13,30900.0
2026-05-14,12500.0
2026-05-15,28900.0
2026-05-16,9100.0
2026-05-17,24200.0
2026-05-18,7200.0
2026-05-19,12200.0
2026-05-20,11700.0
2026-05-21,7000.0
2026-05-22,14400.0
2026-05-23,32500.0
2026-05-24,6700.0
2026-05-25,9700.0
2026-05-26,22100.0
2026-05-27,24900.0
2026-05-28,11500.0
2026-05-29,5200.0
2026-05-30,11000.0
2026-05-31,23200.0
2026-06-01,13000.0
2026-06-02,7200.0
2026-06-03,22900.0
2026-06-04,6000.0
2026-06-05,25400.0
2026-06-06,20700.0
2026-06-07,7500.0
2026-06-08,12900.0
2026-06-09,10200.0
2026-06-10,32600.0
2026-06-11,16000.0
2026-06-12,15600.0
2026-06-13,8400.0
2026-06-14,16000.0
2026-06-15,20500.0
2026-06-16,23100.0
2026-06-17,4200.0
2026-06-18,16400.0
2026-06-19,20200.0
2026-06-20,11200.0
2026-06-21,4500.0
2026-06-22,13700.0
2026-06-23,13000.0
2026-06-24,2000.0
2026-06-25,20200.0
2026-06-26,12200.0
2026-06-27,13600.0
2026-06-28,22000.0
2026-06-29,16900.0
2026-06-30,13600.0
2026-07-01,13200.0
2026-07-02,12500.0
2026-07-03,9200.0
2026-07-04,20900.0
2026-07-05,7500.0
2026-07-06,14500.0
2026-07-07,17600.0
2026-07-08,30700.0
2026-07-09,13400.0
2026-07-10,12500.0
2026-07-11,16100.0
2026-07-12,7200.0
2026-07-13,11900.0
2026-07-14,13500.0
2026-07-15,18700.0
2026-07-16,18200.0
2026-07-17,8500.0
2026-07-18,18100.0
2026-07-19,8700.0
2026-07-20,19200.0
2026-07-21,10000.0
2026-07-22,10000.0
2026-07-23,19600.0
2026-07-24,14700.0
2026-07-25,6500.0
2026-07-26,5700.0
2026-07-27,9700.0
2026-07-28,14500.0
2026-07-29,4500.0
2026-07-30,9700.0
2026-07-31,11500.0
2026-08-01,9000.0
2026-08-02,5900.0
2026-08-03,12400.0
2026-08-04,14400.0
2026-08-05,22100.0
2026-08-06,12900.0
2026-08-07,12000.0
2026-08-08,3000.0
2026-08-09,8400.0
2026-08-10,10700.0
2026-08-11,10500.0
2026-08-12,6700.0
2026-08-13,11400.0
2026-08-14,12500.0
2026-08-15,10000.0
2026-08-16,9500.0
2026-08-17,14700.0
2026-08-18,22800.0
2026-08-19,4500.0
2026-08-20,4700.0
2026-08-21,5000.0
2026-08-22,12400.0
2026-08-23,10500.0
2026-08-24,10000.0
2026-08-25,9200.0
2026-08-26,18300.0
2026-08-27,17900.0
2026-08-28,10500.0
2026-08-29,5500.0
2026-08-30,5000.0
2026-08-31,7200.0
