billing_id,appointment_id,billing_amount,payment_type,payment_status,transaction_date
11,1162,2500,Upi,Unknown,2026-07-20
21,943,-1000,Upi,Pending,2026-07-20
41,9999,1000,Insurance,Failed,2026-05-02
43,1560,700,Upi,Pending,2026-08-08
67,1564,1000,Insurance,Pending,2026-05-03
132,1416,1000,Cash,Pending,2026-03-25
207,1958,1500,Cash,Successful,2026-03-31
252,1830,500,Cash,Successful,2026-06-12
273,228,500,Insurance,Pending,2026-02-11
304,1172,1000,Cash,Pending,2026-07-14
351,127,500,Cash,Pending,2026-01-06
384,1861,700,Card,Successful,2026-06-29
395,1818,1000,Cash,Successful,2026-05-05
398,749,2500,Upi,Failed,2026-08-27
399,1539,1500,Upi,Failed,2026-03-08
402,1451,1000,Cash,Successful,2026-03-20
490,1235,500,Cash,Failed,2026-08-21
502,36,2000,Insurance,Successful,2026-02-11
571,1409,700,Upi,Pending,2026-04-12
579,1966,2500,Cash,Failed,2026-01-08
591,949,500,Card,Pending,2026-01-05
636,1896,500,Cash,Failed,2026-02-05
657,1548,2500,Card,Pending,2026-04-27
796,1942,700,Cash,Successful,2026-07-15
797,425,2500,Cash,Failed,2026-01-20
798,873,1500,Insurance,Successful,2026-07-23
801,247,3000,Card,Successful,2026-05-01
854,1847,3000,Cash,Successful,2026-06-14
976,36,1000,Insurance,Failed,2026-06-24
982,1210,3000,Cash,Failed,2026-04-27
990,1896,3000,Upi,Failed,2026-03-19
1030,1414,2000,Cash,Successful,2026-01-16
1114,841,2000,Cash,Pending,2026-06-10
1155,841,3000,Card,Successful,2026-07-05
1166,749,1500,Insurance,Failed,2026-03-07
1217,1564,2000,Upi,Failed,2026-08-29
1281,205,1500,Upi,Successful,2026-08-08
1322,1830,3000,Upi,Successful,2026-04-07
1334,1450,700,Cash,Failed,2026-06-06
1346,841,3000,Insurance,Successful,2026-04-04
1352,1842,500,Insurance,Pending,2026-04-13
1367,1818,1500,Insurance,Failed,2026-04-04
1376,1861,3000,Insurance,Failed,2026-07-08
1398,1701,1500,Insurance,Pending,2026-08-08
1480,841,700,Cash,Pending,2026-06-21
1494,425,500,Insurance,Failed,2026-06-18
1530,26,3000,Cash,Successful,2026-03-09
1557,1861,500,Insurance,Successful,2026-04-16
1574,838,500,Upi,Successful,2026-01-07
1598,1451,700,Upi,Pending,2026-06-07
1604,1896,1500,Card,Successful,2026-06-25
1606,1235,1500,Insurance,Failed,2026-04-15
1640,1896,700,Insurance,Pending,2026-02-21
1688,1560,1000,Insurance,Failed,2026-06-25
1692,1989,700,Card,Successful,2026-04-20
1712,934,500,Card,Pending,2026-05-16
1714,949,3000,Upi,Successful,2026-01-27
1774,1861,1000,Cash,Pending,2026-07-14
1778,1966,2500,Insurance,Pending,2026-07-07
1803,749,2500,Upi,Pending,2026-06-16
1838,1414,500,Card,Successful,2026-02-02
1962,762,3000,Cash,Pending,2026-03-06
1963,841,2500,Upi,Pending,2026-06-06
