service_id,appointment_id,doctor_id,service_name,duration_minutes,quantity
8,1193,6,Blood Test,20,3
11,1551,44,Physiotherapy,-30,2
21,667,87,Health Checkup,20,-1
31,9999,36,Mri,90,2
41,1209,9999,Mri,45,2
46,934,19,Ct Scan,20,3
54,45,71,Physiotherapy,30,2
68,1409,77,X-Ray,90,3
89,1358,6,Mri,15,1
166,873,62,Consultation,60,2
187,1958,73,Consultation,90,1
194,1476,68,Ct Scan,30,1
197,598,6,X-Ray,30,1
220,1564,83,Consultation,20,1
221,1578,11,Ct Scan,20,3
235,1835,6,X-Ray,20,2
259,290,11,Mri,15,1
324,716,54,Health Checkup,45,3
383,451,11,X-Ray,30,2
399,762,48,X-Ray,30,1
429,1457,11,Ecg,60,1
433,999,14,Ecg,20,3
434,1560,68,Ecg,30,3
491,1881,11,Ct Scan,20,1
504,1548,18,Ct Scan,20,3
516,1409,26,Blood Test,15,1
547,127,79,Ct Scan,15,1
604,1767,49,Physiotherapy,45,1
616,809,5,Ct Scan,30,2
622,1187,11,Ct Scan,60,3
681,1849,6,Mri,15,2
718,1942,79,Ecg,20,3
737,205,34,Health Checkup,45,2
752,1414,27,Health Checkup,60,2
798,1030,2,Ct Scan,15,3
846,1989,30,Blood Test,45,2
900,1522,11,Physiotherapy,15,1
905,1376,6,Physiotherapy,20,3
964,1560,18,X-Ray,60,2
993,1560,75,Health Checkup,45,1
994,1100,7,Ecg,90,1
1006,999,1,Ecg,60,2
1062,1935,6,X-Ray,60,2
1071,247,63,Ecg,90,2
1146,1966,77,Ecg,20,3
1159,1525,6,Ecg,90,2
1183,907,6,Mri,60,1
1195,1451,61,Ecg,15,3
1238,1450,97,Blood Test,60,1
1242,1564,26,Ct Scan,90,2
1272,809,26,Blood Test,60,2
1275,378,11,Blood Test,20,2
1288,36,80,X-Ray,90,2
1301,841,91,Mri,45,1
1309,1767,98,Physiotherapy,30,3
1329,1414,32,Blood Test,90,1
1339,1624,11,Ecg,60,2
1362,1898,11,X-Ray,15,3
1366,1451,64,X-Ray,45,2
1383,1564,63,Ecg,60,3
1412,659,11,Health Checkup,45,3
1460,231,6,Physiotherapy,15,3
1478,247,82,Consultation,45,1
1485,1182,6,Blood Test,30,3
1557,545,75,Consultation,30,1
1572,1151,11,X-Ray,90,1
1622,425,28,Ecg,30,2
1666,949,17,Physiotherapy,15,1
1678,1564,66,Consultation,90,3
1683,452,6,Consultation,30,1
1691,763,61,Ct Scan,60,3
1710,169,11,Consultation,20,3
1715,180,6,X-Ray,30,2
1716,205,5,Blood Test,15,3
1748,1639,6,Health Checkup,90,3
1756,470,6,Mri,45,1
1787,36,86,Ecg,90,2
1793,1100,55,Ct Scan,15,1
1800,1235,77,Blood Test,30,1
1824,1416,17,X-Ray,90,3
1844,36,100,Mri,90,2
1855,1372,78,Ecg,15,2
1861,1775,6,Mri,45,2
1866,838,16,Ct Scan,90,3
1872,1818,43,Blood Test,15,3
1900,1132,11,Ecg,60,3
1915,327,11,X-Ray,60,3
1919,1615,6,Ecg,45,2
1935,1513,1,Ct Scan,90,3
1945,1789,6,Physiotherapy,30,3
1947,1775,6,X-Ray,45,1
1956,127,87,Ecg,15,2
1968,1560,65,Health Checkup,30,2
2017,1818,40,Mri,20,1
2032,545,12,Physiotherapy,60,2
2039,1283,6,Consultation,20,2
2044,154,11,Mri,60,2
2098,1956,6,Ct Scan,20,2
2151,545,20,Blood Test,30,1
2185,1513,2,Blood Test,60,1
2192,545,62,X-Ray,45,1
2193,1767,74,Consultation,30,1
2235,963,11,Mri,90,3
2245,1896,80,Mri,15,2
2246,1172,25,Physiotherapy,45,2
2251,809,81,X-Ray,30,1
2260,391,55,Ecg,60,2
2268,1975,11,Physiotherapy,45,3
2302,545,52,Physiotherapy,45,1
2316,588,7,Health Checkup,45,3
2326,1933,11,Mri,30,3
2335,1107,6,Physiotherapy,45,2
2345,875,6,Health Checkup,60,3
2350,1311,6,Physiotherapy,90,3
2365,1548,77,X-Ray,20,3
2368,510,6,Ct Scan,30,3
2370,45,22,Ecg,30,2
2401,841,7,Ecg,45,2
2422,402,11,X-Ray,60,3
2426,228,22,Consultation,20,3
2438,1503,11,Health Checkup,45,2
2443,26,84,Consultation,15,3
2477,235,6,Consultation,60,3
2510,620,11,Consultation,60,2
2542,1803,6,Ecg,20,2
2573,1948,11,Blood Test,45,3
2580,2,11,X-Ray,20,2
2583,228,44,Mri,90,1
2586,579,6,Health Checkup,15,2
2627,810,6,Mri,20,2
2635,1629,78,X-Ray,15,2
2643,1059,6,Consultation,30,1
2649,111,23,Mri,60,2
2650,1100,17,Mri,20,3
2661,398,6,X-Ray,60,1
2736,1695,6,Ecg,20,2
2745,1861,5,Mri,15,1
2787,1476,35,Blood Test,15,3
2806,1235,12,Physiotherapy,30,2
2845,1560,6,Health Checkup,30,2
2846,1842,67,Ecg,20,2
2937,716,70,Blood Test,20,3
2949,1558,6,Consultation,30,3
2968,131,6,Ct Scan,20,3
2971,1767,79,Health Checkup,20,2
2980,1294,6,Ecg,20,2
3040,36,46,Physiotherapy,30,1
3060,763,77,Mri,60,2
3123,1030,44,Physiotherapy,60,1
3124,1588,11,Mri,60,2
3161,1830,14,Health Checkup,30,3
3172,1178,6,Physiotherapy,45,2
3206,205,14,Consultation,15,1
3212,1830,54,X-Ray,15,3
3227,111,19,Mri,30,2
3231,1547,11,X-Ray,90,3
3251,616,6,Consultation,45,3
3264,228,79,Consultation,15,3
3271,1266,6,Physiotherapy,15,3
3272,1629,94,Ecg,30,3
3273,1726,11,Physiotherapy,45,2
3278,1072,11,Ecg,15,3
3312,1958,99,Ct Scan,30,2
3313,1486,6,Ct Scan,90,1
3342,1128,11,X-Ray,45,1
3390,1414,16,Mri,60,2
3405,1767,43,Mri,30,3
3483,1701,56,Physiotherapy,45,2
3492,1219,6,X-Ray,20,1
3509,1539,77,Physiotherapy,30,3
3513,762,36,X-Ray,15,1
3518,763,30,Physiotherapy,20,2
3522,247,58,Mri,15,1
3535,659,90,Blood Test,60,1
3537,1009,6,Physiotherapy,45,3
3567,1424,6,Physiotherapy,15,3
3576,228,27,Mri,45,1
3577,26,83,Ct Scan,30,3
3585,1997,6,Ct Scan,45,1
3597,1163,6,Ct Scan,90,2
3631,1539,27,Physiotherapy,20,2
3665,1587,6,Blood Test,45,1
3667,612,6,Health Checkup,15,1
3696,1544,11,Health Checkup,30,2
3739,838,13,Physiotherapy,60,2
3748,368,6,X-Ray,90,2
3760,711,11,Ct Scan,30,2
3775,818,88,Ct Scan,90,3
3777,26,20,Physiotherapy,30,1
3785,345,6,Blood Test,60,3
3808,760,6,X-Ray,90,3
3822,1210,18,Consultation,30,2
3824,1896,43,Mri,60,1
3869,45,74,Blood Test,30,3
3875,1766,11,Ecg,30,3
3886,425,72,Ecg,15,1
3889,590,11,Consultation,90,2
3895,29,6,Mri,90,2
3896,391,66,Ecg,90,2
3900,1896,28,Health Checkup,90,3
3907,1830,49,Blood Test,20,1
3934,205,23,Ct Scan,45,2
3962,1560,71,Consultation,20,3
