appointment_id,patient_id,doctor_id,appointment_date,appointment_type,status
16,443,29,,Consultation,Completed
26,9999,86,2026-01-13,Consultation,Cancelled
36,99,9999,2026-05-15,Follow-Up,Cancelled
45,471,6,2026-02-28,Consultation,Scheduled
111,154,6,2026-07-27,Emergency,Completed
127,303,11,2026-06-22,Consultation,Cancelled
205,111,6,2026-08-25,Consultation,Cancelled
228,2,6,2026-08-08,Consultation,Completed
247,48,6,2026-08-24,Consultation,Scheduled
298,11,68,2026-05-03,Consultation,Cancelled
346,50,11,2026-06-21,Follow-Up,Scheduled
391,11,100,2026-07-16,Emergency,Completed
425,399,11,2026-05-05,Follow-Up,Scheduled
545,194,6,2026-04-20,Follow-Up,Scheduled
560,491,6,2026-06-24,Follow-Up,Cancelled
588,281,11,2026-03-20,Consultation,Scheduled
659,448,6,2026-06-28,Emergency,Cancelled
716,472,11,2026-06-23,Emergency,Cancelled
749,229,11,2026-04-08,Emergency,Cancelled
762,392,11,2026-01-27,Follow-Up,Scheduled
763,80,11,2026-06-17,Follow-Up,Cancelled
809,497,6,2026-05-29,Emergency,Cancelled
818,129,6,2026-05-05,Emergency,Cancelled
838,252,11,2026-04-30,Emergency,Completed
841,271,6,2026-07-07,Consultation,Cancelled
873,269,6,2026-03-23,Emergency,Scheduled
934,184,11,2026-06-26,Follow-Up,Completed
949,377,6,2026-05-23,Follow-Up,Scheduled
999,212,6,2026-03-27,Follow-Up,Scheduled
1030,240,6,2026-01-27,Emergency,Scheduled
1100,265,11,2026-05-14,Emergency,Completed
1172,250,11,2026-08-15,Emergency,Cancelled
1210,344,6,2026-01-14,Emergency,Cancelled
1235,214,6,2026-01-11,Follow-Up,Scheduled
1272,11,38,2026-02-18,Consultation,Completed
1372,370,6,2026-01-22,Follow-Up,Cancelled
1409,303,6,2026-02-02,Follow-Up,Cancelled
1414,304,11,2026-08-22,Emergency,Completed
1416,11,69,2026-03-25,Consultation,Cancelled
1450,330,6,2026-07-04,Follow-Up,Completed
1451,29,11,2026-03-22,Emergency,Cancelled
1476,141,11,2026-07-30,Follow-Up,Cancelled
1513,384,6,2026-01-02,Follow-Up,Scheduled
1539,15,11,2026-04-28,Emergency,Scheduled
1548,11,27,2026-02-11,Follow-Up,Cancelled
1560,269,11,2026-03-16,Follow-Up,Cancelled
1564,40,6,2026-05-12,Consultation,Scheduled
1629,88,11,2026-03-10,Follow-Up,Scheduled
1701,228,11,2026-07-26,Emergency,Scheduled
1767,172,11,2026-08-14,Emergency,Completed
1818,11,87,2026-02-05,Follow-Up,Scheduled
1830,373,11,2026-07-20,Follow-Up,Scheduled
1842,299,6,2026-04-30,Emergency,Scheduled
1847,462,11,2026-03-17,Emergency,Scheduled
1861,406,11,2026-03-22,Consultation,Cancelled
1896,485,6,2026-03-03,Consultation,Cancelled
1942,11,79,2026-07-14,Consultation,Cancelled
1958,260,11,2026-04-20,Emergency,Cancelled
1966,438,11,2026-07-14,Follow-Up,Scheduled
1989,499,11,2026-05-13,Consultation,Cancelled
