patient_id,first_name,last_name,email,phone,city,date_of_birth,total_appointments,total_billing,avg_appointment_value,last_appointment
1,Kavya,Verma,kavya.verma1@email.com,9126855092,Pune,1974-09-04,6,11700.0,2925.0,2026-08-31
2,Arjun,Reddy,arjun.reddy2@email.com,9249827706,Pune,1959-03-13,3,1500.0,750.0,2026-08-08
3,Kavya,Joshi,kavya.joshi3@email.com,9193349856,Chennai,1987-11-08,7,4000.0,1333.3333333333333,2026-08-27
4,Aarav,Sharma,aarav.sharma4@email.com,9200604502,Bangalore,1970-11-15,6,9000.0,3000.0,2026-08-14
5,Sneha,Agarwal,sneha.agarwal5@email.com,9128492780,Chennai,1967-11-03,5,12500.0,3125.0,2026-08-26
6,Isha,Joshi,isha.joshi6@email.com,9550455977,Bangalore,1990-04-20,4,700.0,700.0,2026-05-08
7,Neha,Kumar,neha.kumar7@email.com,9969119330,Hyderabad,1964-04-28,4,3700.0,3700.0,2026-07-06
8,Isha,Gupta,isha.gupta8@email.com,9465341213,Mumbai,1963-12-13,2,6000.0,3000.0,2026-05-15
9,Arjun,Singh,arjun.singh9@email.com,9209747451,Hyderabad,1984-02-01,3,3500.0,1750.0,2026-05-31
10,Vivaan,Singh,vivaan.singh10@email.com,9469319644,Chennai,1973-09-24,4,3200.0,1600.0,2026-08-22
12,Vivaan,Gupta,vivaan.gupta12@email.com,9184611066,Chennai,1976-04-20,7,9200.0,1840.0,2026-08-04
13,Simran,Agarwal,simran.agarwal13@email.com,9488302652,Chennai,1967-04-02,4,9500.0,3166.6666666666665,2026-07-03
14,Isha,Verma,isha.verma14@email.com,9149203558,Pune,1970-06-12,0,0.0,0.0,
15,Pooja,Kumar,pooja.kumar15@email.com,9185675980,Bangalore,1959-01-23,5,11900.0,2380.0,2026-07-28
16,Ananya,Kumar,ananya.kumar16@email.com,9586845604,Pune,1982-09-24,2,500.0,500.0,2026-04-24
17,Aditya,Singh,aditya.singh17@email.com,9481469012,Bangalore,1973-12-14,4,5500.0,2750.0,2026-07-15
18,Isha,Verma,isha.verma18@email.com,9754049436,Pune,1965-05-09,1,0.0,0.0,2026-04-28
19,Sneha,Reddy,sneha.reddy19@email.com,9275452091,Delhi,1984-01-16,6,7500.0,2500.0,2026-08-07
20,Rahul,Joshi,rahul.joshi20@email.com,9335809993,Pune,1979-02-04,2,3000.0,3000.0,2026-04-09
21,Simran,Sharma,simran.sharma21@email.com,9345938494,Hyderabad,1978-04-20,5,3100.0,1550.0,2026-08-26
22,Ananya,Kumar,ananya.kumar22@email.com,9171069472,Hyderabad,2000-11-19,3,1000.0,1000.0,2026-07-28
23,Aditi,Singh,aditi.singh23@email.com,9328306011,Pune,1994-10-15,6,8000.0,2666.6666666666665,2026-05-12
24,Ananya,Mehta,ananya.mehta24@email.com,9253407200,Mumbai,1962-07-12,6,4500.0,1500.0,2026-08-06
25,Arjun,Joshi,arjun.joshi25@email.com,9678722458,Mumbai,2002-06-12,3,3700.0,3700.0,2026-08-16
26,Ananya,Agarwal,ananya.agarwal26@email.com,9528853029,Mumbai,1969-09-04,3,4700.0,2350.0,2026-08-25
27,Aditya,Joshi,aditya.joshi27@email.com,9629908599,Hyderabad,1954-03-24,3,13900.0,4633.333333333333,2026-08-27
28,Simran,Verma,simran.verma28@email.com,9264112119,Pune,1964-05-09,5,5000.0,1666.6666666666667,2026-07-24
29,Pooja,Gupta,pooja.gupta29@email.com,9740389325,Hyderabad,1984-07-09,3,3200.0,1600.0,2026-03-22
30,Ananya,Agarwal,ananya.agarwal30@email.com,9602564736,Chennai,1972-07-22,3,7200.0,3600.0,2026-07-29
31,Sneha,Sharma,sneha.sharma31@email.com,9830448745,Pune,1960-04-11,2,2000.0,2000.0,2026-07-28
32,Kavya,Joshi,kavya.joshi32@email.com,9906248900,Mumbai,1980-07-08,3,2700.0,2700.0,2026-07-29
33,Vivaan,Kumar,vivaan.kumar33@email.com,9566825638,Bangalore,1990-09-15,1,2700.0,2700.0,2026-04-09
34,Aarav,Kumar,aarav.kumar34@email.com,9637500247,Bangalore,1995-07-19,4,7200.0,2400.0,2026-07-28
35,Aditi,Verma,aditi.verma35@email.com,9771410971,Mumbai,1995-07-19,3,11500.0,3833.3333333333335,2026-07-22
36,Neha,Reddy,neha.reddy36@email.com,9264109919,Mumbai,1964-06-29,5,7500.0,2500.0,2026-08-20
37,Sneha,Joshi,sneha.joshi37@email.com,9100614068,Chennai,1979-01-30,6,17000.0,3400.0,2026-08-17
38,Priya,Sharma,priya.sharma38@email.com,9220117054,Mumbai,1977-08-03,3,3000.0,1500.0,2026-05-23
39,Arjun,Sharma,arjun.sharma39@email.com,9358633898,Chennai,1957-01-24,1,4500.0,4500.0,2026-05-06
40,Vivaan,Mehta,vivaan.mehta40@email.com,9976198296,Hyderabad,1997-10-16,3,6700.0,2233.3333333333335,2026-05-13
41,Pooja,Patel,pooja.patel41@email.com,9237859287,Pune,1992-08-22,4,12500.0,3125.0,2026-08-05
42,Sneha,Patel,sneha.patel42@email.com,9384602384,Chennai,2004-06-02,2,2500.0,2500.0,2026-02-07
43,Ananya,Reddy,ananya.reddy43@email.com,9679064766,Pune,1968-01-18,7,10000.0,3333.3333333333335,2026-08-13
44,Isha,Kumar,isha.kumar44@email.com,9528414718,Pune,1983-07-03,5,3700.0,1233.3333333333333,2026-06-14
45,Priya,Joshi,priya.joshi45@email.com,9584779555,Hyderabad,1972-03-29,5,8500.0,2833.3333333333335,2026-07-19
46,Arjun,Verma,arjun.verma46@email.com,9463016614,Hyderabad,2002-10-12,5,6700.0,1675.0,2026-07-01
47,Sneha,Reddy,sneha.reddy47@email.com,9731832764,Bangalore,1950-08-24,7,7700.0,1925.0,2026-08-30
48,Vivaan,Sharma,vivaan.sharma48@email.com,9345824373,Hyderabad,1952-10-26,4,3000.0,3000.0,2026-08-29
49,Simran,Singh,simran.singh49@email.com,9176082500,Chennai,1971-05-09,3,5000.0,5000.0,2026-06-19
50,Rahul,Mehta,rahul.mehta50@email.com,9330035022,Chennai,1961-11-14,4,7700.0,2566.6666666666665,2026-06-21
51,Isha,Agarwal,isha.agarwal51@email.com,9718702544,Delhi,1971-10-20,8,10700.0,2675.0,2026-08-24
52,Pooja,Mehta,pooja.mehta52@email.com,9967043303,Delhi,1967-01-31,3,7000.0,7000.0,2026-07-21
53,Vivaan,Verma,vivaan.verma53@email.com,9807577342,Delhi,1981-10-14,6,9500.0,2375.0,2026-08-05
54,Ananya,Gupta,ananya.gupta54@email.com,9601463916,Pune,1954-11-11,1,1200.0,1200.0,2026-04-17
55,Kavya,Verma,kavya.verma55@email.com,9165082363,Delhi,1980-06-10,4,10200.0,3400.0,2026-05-15
56,Pooja,Verma,pooja.verma56@email.com,9366992705,Bangalore,1967-01-24,5,6500.0,2166.6666666666665,2026-05-27
57,Sneha,Mehta,sneha.mehta57@email.com,9250519597,Delhi,1966-06-18,2,2500.0,2500.0,2026-05-14
58,Rahul,Mehta,rahul.mehta58@email.com,9368227631,Hyderabad,1989-10-03,3,4500.0,2250.0,2026-07-08
59,Pooja,Joshi,pooja.joshi59@email.com,9205128697,Hyderabad,1998-07-01,6,13500.0,3375.0,2026-06-22
60,Simran,Sharma,simran.sharma60@email.com,9200140141,Bangalore,1964-12-02,3,1400.0,1400.0,2026-03-14
61,Ananya,Mehta,ananya.mehta61@email.com,9616854671,Bangalore,1985-12-24,6,6200.0,1240.0,2026-04-30
62,Aditi,Sharma,aditi.sharma62@email.com,9276777762,Delhi,1950-03-12,5,9400.0,3133.3333333333335,2026-07-22
63,Ananya,Kumar,ananya.kumar63@email.com,9941889393,Delhi,1975-08-05,3,3200.0,1600.0,2026-08-11
64,Ananya,Joshi,ananya.joshi64@email.com,9810678904,Pune,1993-08-30,5,6000.0,2000.0,2026-08-17
65,Aditya,Reddy,aditya.reddy65@email.com,9418587604,Bangalore,1955-04-01,5,5500.0,2750.0,2026-07-19
66,Neha,Joshi,neha.joshi66@email.com,9165452690,Pune,1978-02-19,4,2700.0,1350.0,2026-08-12
67,Aarav,Sharma,aarav.sharma67@email.com,9727255918,Delhi,1995-02-11,3,700.0,700.0,2026-05-19
68,Aditi,Joshi,aditi.joshi68@email.com,9269042105,Hyderabad,1995-07-24,6,7000.0,3500.0,2026-07-28
69,Vivaan,Patel,vivaan.patel69@email.com,9173574218,Chennai,1956-02-05,6,7700.0,1925.0,2026-08-19
70,Kavya,Reddy,kavya.reddy70@email.com,9533550699,Hyderabad,2001-02-09,4,3500.0,3500.0,2026-07-21
71,Arjun,Agarwal,arjun.agarwal71@email.com,9738360085,Hyderabad,2005-07-26,3,700.0,700.0,2026-07-03
72,Vivaan,Gupta,vivaan.gupta72@email.com,9805849060,Chennai,2000-09-16,6,5000.0,1666.6666666666667,2026-08-16
73,Sneha,Singh,sneha.singh73@email.com,9379995032,Bangalore,1978-03-10,2,3000.0,3000.0,2026-08-17
74,Arjun,Kumar,arjun.kumar74@email.com,9524971817,Bangalore,1976-11-30,5,1500.0,750.0,2026-08-09
75,Priya,Singh,priya.singh75@email.com,9907308348,Hyderabad,1950-11-02,4,3000.0,3000.0,2026-08-26
76,Priya,Agarwal,priya.agarwal76@email.com,9704509817,Hyderabad,1956-07-28,1,0.0,0.0,2026-05-31
77,Sneha,Reddy,sneha.reddy77@email.com,9643189555,Mumbai,1961-11-19,2,0.0,0.0,2026-05-29
78,Aditi,Singh,aditi.singh78@email.com,9173864104,Bangalore,1983-02-25,5,6700.0,2233.3333333333335,2026-06-07
79,Rahul,Patel,rahul.patel79@email.com,9570497096,Chennai,1977-02-20,5,7500.0,1875.0,2026-06-22
80,Neha,Joshi,neha.joshi80@email.com,9108399996,Pune,1999-10-04,3,3000.0,3000.0,2026-07-06
81,Rahul,Verma,rahul.verma81@email.com,9244193987,Mumbai,1960-05-10,3,3700.0,1233.3333333333333,2026-06-06
82,Aditi,Verma,aditi.verma82@email.com,9897163846,Chennai,1963-12-12,2,2400.0,1200.0,2026-02-04
83,Rahul,Kumar,rahul.kumar83@email.com,9749431082,Bangalore,1980-10-05,2,4000.0,2000.0,2026-02-28
84,Arjun,Kumar,arjun.kumar84@email.com,9642678844,Delhi,1972-07-12,2,6000.0,3000.0,2026-07-08
85,Aditi,Sharma,aditi.sharma85@email.com,9199104722,Pune,1988-01-01,4,5200.0,2600.0,2026-03-06
86,Simran,Kumar,simran.kumar86@email.com,9147337803,Hyderabad,1979-12-04,3,4200.0,1400.0,2026-08-07
87,Pooja,Patel,pooja.patel87@email.com,9784095277,Mumbai,1964-06-30,3,2200.0,1100.0,2026-06-21
88,Isha,Mehta,isha.mehta88@email.com,9692362342,Pune,1988-05-15,6,2000.0,2000.0,2026-08-01
89,Sneha,Sharma,sneha.sharma89@email.com,9220123666,Hyderabad,1963-05-17,7,14900.0,2483.3333333333335,2026-08-13
90,Sneha,Sharma,sneha.sharma90@email.com,9996139578,Mumbai,2002-04-05,6,11200.0,1866.6666666666667,2026-06-05
91,Sneha,Patel,sneha.patel91@email.com,9561479973,Bangalore,1953-10-02,2,1500.0,750.0,2026-06-12
92,Rahul,Singh,rahul.singh92@email.com,9954829815,Hyderabad,1982-02-06,3,0.0,0.0,2026-06-30
93,Arjun,Reddy,arjun.reddy93@email.com,9816114302,Hyderabad,1981-09-24,5,3900.0,1950.0,2026-08-18
94,Pooja,Joshi,pooja.joshi94@email.com,9536344399,Chennai,1963-11-13,4,4000.0,2000.0,2026-08-23
95,Aditi,Reddy,aditi.reddy95@email.com,9274484941,Bangalore,1986-12-28,5,8400.0,2100.0,2026-08-15
96,Aarav,Patel,aarav.patel96@email.com,9890880074,Mumbai,1986-12-09,6,11500.0,2875.0,2026-07-08
97,Pooja,Reddy,pooja.reddy97@email.com,9386480450,Bangalore,1959-09-13,3,5000.0,2500.0,2026-02-16
98,Ananya,Sharma,ananya.sharma98@email.com,9605399561,Bangalore,1967-11-27,2,4000.0,4000.0,2026-03-19
99,Simran,Mehta,simran.mehta99@email.com,9475442872,Mumbai,1970-06-02,2,3700.0,1850.0,2026-06-18
100,Arjun,Sharma,arjun.sharma100@email.com,9808705238,Bangalore,1985-09-30,1,5000.0,5000.0,2026-02-16
101,Rohan,Kumar,rohan.kumar101@email.com,9174539964,Mumbai,1981-07-03,4,6700.0,2233.3333333333335,2026-08-23
102,Kavya,Joshi,kavya.joshi102@email.com,9529151399,Pune,1998-02-08,3,7700.0,2566.6666666666665,2026-05-28
103,Rohan,Sharma,rohan.sharma103@email.com,9223847257,Mumbai,1966-01-08,5,6000.0,6000.0,2026-06-05
104,Neha,Kumar,neha.kumar104@email.com,9141078352,Hyderabad,2003-07-10,6,10700.0,2140.0,2026-06-19
105,Ananya,Singh,ananya.singh105@email.com,9882269302,Mumbai,1989-02-24,0,0.0,0.0,
106,Neha,Joshi,neha.joshi106@email.com,9224173718,Delhi,2001-09-23,8,13200.0,2640.0,2026-08-21
107,Arjun,Kumar,arjun.kumar107@email.com,9147659674,Pune,1989-02-13,4,2000.0,2000.0,2026-06-25
108,Aarav,Joshi,aarav.joshi108@email.com,9965984448,Chennai,1967-09-05,9,19900.0,3316.6666666666665,2026-07-10
109,Rohan,Gupta,rohan.gupta109@email.com,9175133802,Pune,1979-08-16,2,8000.0,8000.0,2026-08-04
110,Neha,Singh,neha.singh110@email.com,9812306873,Hyderabad,1976-12-10,3,700.0,700.0,2026-05-04
111,Sneha,Kumar,sneha.kumar111@email.com,9816070802,Delhi,1979-04-07,8,5500.0,1833.3333333333333,2026-08-25
112,Ananya,Kumar,ananya.kumar112@email.com,9695295870,Bangalore,1967-03-19,5,9500.0,2375.0,2026-07-31
113,Ananya,Gupta,ananya.gupta113@email.com,9827264603,Pune,1965-08-12,2,7200.0,3600.0,2026-08-18
114,Neha,Agarwal,neha.agarwal114@email.com,9423142470,Delhi,1999-02-27,1,2200.0,2200.0,2026-05-07
115,Simran,Sharma,simran.sharma115@email.com,9426283245,Mumbai,1968-11-09,5,7500.0,2500.0,2026-08-31
116,Ananya,Agarwal,ananya.agarwal116@email.com,9751397897,Pune,1978-11-29,1,2000.0,2000.0,2026-04-19
117,Priya,Mehta,priya.mehta117@email.com,9574765466,Pune,1969-03-04,4,12200.0,4066.6666666666665,2026-07-06
118,Sneha,Mehta,sneha.mehta118@email.com,9952266893,Pune,1965-03-23,5,4500.0,1500.0,2026-08-02
119,Kavya,Verma,kavya.verma119@email.com,9404713332,Chennai,2005-07-22,6,7500.0,1500.0,2026-08-30
120,Rohan,Verma,rohan.verma120@email.com,9978775497,Bangalore,1977-11-06,6,13700.0,2283.3333333333335,2026-07-27
121,Arjun,Reddy,arjun.reddy121@email.com,9258220114,Hyderabad,1954-02-23,6,14500.0,3625.0,2026-06-29
122,Arjun,Mehta,arjun.mehta122@email.com,9756350429,Hyderabad,1990-11-10,2,7000.0,7000.0,2026-04-20
123,Ananya,Agarwal,ananya.agarwal123@email.com,9308773243,Pune,1984-06-13,3,1500.0,1500.0,2026-06-25
124,Priya,Gupta,priya.gupta124@email.com,9361976301,Bangalore,1950-07-01,5,8700.0,2900.0,2026-08-04
125,Aditi,Verma,aditi.verma125@email.com,9935822550,Delhi,1969-08-19,4,9000.0,3000.0,2026-06-16
126,Aditya,Joshi,aditya.joshi126@email.com,9598806645,Hyderabad,2000-01-04,6,5700.0,1900.0,2026-08-25
127,Arjun,Verma,arjun.verma127@email.com,9590122159,Bangalore,1991-09-08,2,5500.0,2750.0,2026-08-14
128,Kavya,Joshi,kavya.joshi128@email.com,9700141462,Chennai,1978-06-20,5,8200.0,2050.0,2026-07-02
129,Pooja,Mehta,pooja.mehta129@email.com,9757830420,Pune,1995-04-15,7,11000.0,2200.0,2026-08-15
130,Ananya,Joshi,ananya.joshi130@email.com,9578796089,Bangalore,1992-08-02,3,6200.0,3100.0,2026-06-29
131,Priya,Kumar,priya.kumar131@email.com,9907214179,Bangalore,1974-11-17,4,8500.0,2833.3333333333335,2026-01-27
132,Pooja,Joshi,pooja.joshi132@email.com,9620332086,Pune,1971-06-19,5,700.0,700.0,2026-08-16
133,Rahul,Mehta,rahul.mehta133@email.com,9183197117,Pune,1975-08-20,5,10500.0,2100.0,2026-08-02
134,Arjun,Kumar,arjun.kumar134@email.com,9460613550,Mumbai,1998-06-17,6,9000.0,3000.0,2026-08-28
135,Vivaan,Patel,vivaan.patel135@email.com,9261953189,Bangalore,1984-05-13,4,2200.0,1100.0,2026-08-15
136,Isha,Patel,isha.patel136@email.com,9858511779,Bangalore,1955-10-06,4,11500.0,3833.3333333333335,2026-06-17
137,Ananya,Gupta,ananya.gupta137@email.com,9455281184,Chennai,1991-10-20,4,4500.0,1500.0,2026-08-07
138,Ananya,Sharma,ananya.sharma138@email.com,9322086735,Delhi,1984-12-10,8,10100.0,2020.0,2026-08-31
139,Aditi,Agarwal,aditi.agarwal139@email.com,9846812123,Hyderabad,2001-08-25,7,19500.0,4875.0,2026-08-07
140,Ananya,Mehta,ananya.mehta140@email.com,9106330865,Mumbai,1976-10-15,8,11000.0,1833.3333333333333,2026-07-22
141,Pooja,Gupta,pooja.gupta141@email.com,9997356828,Delhi,1998-04-15,5,7000.0,2333.3333333333335,2026-08-18
142,Isha,Joshi,isha.joshi142@email.com,9958851904,Chennai,1969-10-14,4,6000.0,3000.0,2026-02-19
143,Priya,Reddy,priya.reddy143@email.com,9393062061,Delhi,1993-07-27,3,0.0,0.0,2026-06-30
144,Aarav,Gupta,aarav.gupta144@email.com,9460916347,Pune,1986-04-10,4,3500.0,1750.0,2026-08-20
145,Isha,Patel,isha.patel145@email.com,9601856351,Bangalore,2005-10-29,2,1000.0,1000.0,2026-04-15
146,Sneha,Sharma,sneha.sharma146@email.com,9523076025,Chennai,2000-08-19,4,6500.0,1625.0,2026-07-20
147,Kavya,Sharma,kavya.sharma147@email.com,9190137896,Pune,1988-06-14,5,5500.0,1375.0,2026-07-26
148,Aditya,Mehta,aditya.mehta148@email.com,9295130056,Hyderabad,1973-05-04,5,15500.0,3100.0,2026-04-13
149,Ananya,Singh,ananya.singh149@email.com,9327268503,Delhi,1979-04-29,5,3900.0,1950.0,2026-05-16
150,Rohan,Gupta,rohan.gupta150@email.com,9398775766,Delhi,1972-08-19,2,500.0,500.0,2026-05-15
151,Simran,Verma,simran.verma151@email.com,9604988121,Hyderabad,1998-05-24,6,7400.0,1850.0,2026-08-06
152,Aarav,Singh,aarav.singh152@email.com,9340756713,Pune,1956-02-27,4,8500.0,2833.3333333333335,2026-05-13
153,Pooja,Sharma,pooja.sharma153@email.com,9909851739,Hyderabad,1972-03-08,1,1000.0,1000.0,2026-04-03
154,Arjun,Sharma,arjun.sharma154@email.com,9767154083,Bangalore,1971-05-27,5,8500.0,2833.3333333333335,2026-07-31
155,Aditya,Mehta,aditya.mehta155@email.com,9818825964,Hyderabad,2000-08-06,2,5000.0,2500.0,2026-06-10
156,Arjun,Mehta,arjun.mehta156@email.com,9851044796,Mumbai,1983-02-04,0,0.0,0.0,
157,Aditya,Agarwal,aditya.agarwal157@email.com,9752027025,Pune,1960-04-11,2,4000.0,4000.0,2026-05-30
158,Pooja,Patel,pooja.patel158@email.com,9433975497,Hyderabad,2001-12-01,6,7500.0,1875.0,2026-05-31
159,Aarav,Kumar,aarav.kumar159@email.com,9718257024,Pune,1983-09-03,1,500.0,500.0,2026-06-30
160,Ananya,Reddy,ananya.reddy160@email.com,9181600593,Chennai,1971-10-15,3,2200.0,1100.0,2026-07-04
161,Vivaan,Kumar,vivaan.kumar161@email.com,9834717549,Chennai,1960-11-10,5,9500.0,3166.6666666666665,2026-08-17
162,Pooja,Agarwal,pooja.agarwal162@email.com,9940348305,Hyderabad,1981-02-24,3,15000.0,7500.0,2026-06-08
163,Sneha,Gupta,sneha.gupta163@email.com,9810303128,Mumbai,1956-03-09,5,11000.0,2750.0,2026-07-21
164,Sneha,Singh,sneha.singh164@email.com,9113585139,Delhi,1993-12-23,2,9400.0,4700.0,2026-08-23
165,Vivaan,Gupta,vivaan.gupta165@email.com,9488896443,Pune,1991-03-31,4,6200.0,3100.0,2026-06-02
166,Isha,Patel,isha.patel166@email.com,9567600762,Bangalore,1996-10-22,5,13700.0,2740.0,2026-07-31
167,Kavya,Kumar,kavya.kumar167@email.com,9761330848,Chennai,1993-05-18,5,18000.0,4500.0,2026-06-16
168,Priya,Gupta,priya.gupta168@email.com,9986625773,Pune,2003-02-26,4,5200.0,1733.3333333333333,2026-06-27
169,Rahul,Singh,rahul.singh169@email.com,9363598427,Hyderabad,1975-01-09,4,3500.0,1750.0,2026-08-17
170,Aditi,Mehta,aditi.mehta170@email.com,9361846370,Delhi,2001-02-14,5,11200.0,2800.0,2026-08-25
171,Neha,Gupta,neha.gupta171@email.com,9461203124,Hyderabad,1994-05-07,2,7000.0,3500.0,2026-06-12
172,Simran,Singh,simran.singh172@email.com,9295249057,Delhi,1969-01-11,5,5400.0,1800.0,2026-08-14
173,Rohan,Kumar,rohan.kumar173@email.com,9465436049,Mumbai,2003-06-26,2,3700.0,1850.0,2026-04-26
174,Isha,Kumar,isha.kumar174@email.com,9696776072,Hyderabad,1996-05-07,2,5200.0,2600.0,2026-07-13
175,Arjun,Verma,arjun.verma175@email.com,9359154084,Pune,1986-06-18,2,2500.0,2500.0,2026-07-05
176,Priya,Joshi,priya.joshi176@email.com,9914073098,Bangalore,1992-09-17,3,3500.0,1750.0,2026-07-20
177,Kavya,Mehta,kavya.mehta177@email.com,9581223755,Hyderabad,1958-05-08,3,4700.0,4700.0,2026-04-14
178,Rahul,Reddy,rahul.reddy178@email.com,9534222401,Pune,1971-10-30,4,6100.0,1525.0,2026-08-03
179,Rahul,Agarwal,rahul.agarwal179@email.com,9496232693,Delhi,1999-08-28,1,2500.0,2500.0,2026-02-11
180,Sneha,Singh,sneha.singh180@email.com,9556881239,Pune,1999-05-19,4,12700.0,4233.333333333333,2026-04-29
181,Rohan,Singh,rohan.singh181@email.com,9854684750,Delhi,1974-04-22,3,6000.0,6000.0,2026-07-31
182,Rahul,Kumar,rahul.kumar182@email.com,9347538338,Hyderabad,1967-04-12,3,1000.0,1000.0,2026-07-10
183,Rohan,Verma,rohan.verma183@email.com,9897662466,Chennai,1966-08-11,6,14500.0,3625.0,2026-07-19
184,Arjun,Reddy,arjun.reddy184@email.com,9893070706,Delhi,1974-10-22,7,9000.0,1800.0,2026-07-23
185,Isha,Agarwal,isha.agarwal185@email.com,9916267011,Chennai,2003-07-17,6,4700.0,1566.6666666666667,2026-07-10
186,Rahul,Verma,rahul.verma186@email.com,9994027897,Bangalore,1976-07-30,4,2500.0,1250.0,2026-08-09
187,Arjun,Singh,arjun.singh187@email.com,9292673892,Mumbai,1951-04-09,1,0.0,0.0,2026-07-29
188,Isha,Joshi,isha.joshi188@email.com,9235917419,Mumbai,1954-01-31,3,3000.0,3000.0,2026-08-07
189,Aarav,Joshi,aarav.joshi189@email.com,9413679331,Pune,1961-04-30,6,15000.0,2500.0,2026-07-29
190,Kavya,Mehta,kavya.mehta190@email.com,9210152642,Hyderabad,2001-07-02,3,1000.0,500.0,2026-08-17
191,Rahul,Mehta,rahul.mehta191@email.com,9614015466,Delhi,1980-07-26,2,5500.0,2750.0,2026-08-20
192,Aditya,Sharma,aditya.sharma192@email.com,9371096600,Delhi,1960-03-27,7,7200.0,1800.0,2026-08-07
193,Simran,Verma,simran.verma193@email.com,9530256336,Delhi,1956-08-24,7,9500.0,2375.0,2026-07-29
194,Neha,Sharma,neha.sharma194@email.com,9262915636,Bangalore,2000-06-30,2,0.0,0.0,2026-05-01
195,Rahul,Verma,rahul.verma195@email.com,9366493008,Hyderabad,2000-01-25,4,2500.0,1250.0,2026-07-20
196,Pooja,Gupta,pooja.gupta196@email.com,9751028618,Chennai,2005-06-25,6,12000.0,2000.0,2026-07-30
197,Arjun,Joshi,arjun.joshi197@email.com,9508427798,Delhi,1989-09-20,2,2000.0,2000.0,2026-08-04
198,Rahul,Agarwal,rahul.agarwal198@email.com,9560452529,Mumbai,2001-01-05,5,12900.0,2580.0,2026-08-03
199,Neha,Sharma,neha.sharma199@email.com,9754586204,Pune,1958-11-26,5,6400.0,2133.3333333333335,2026-08-10
200,Pooja,Reddy,pooja.reddy200@email.com,9771641650,Bangalore,1973-09-28,2,2500.0,2500.0,2026-07-22
201,Kavya,Verma,kavya.verma201@email.com,9268638768,Bangalore,1965-08-05,0,0.0,0.0,
202,Sneha,Verma,sneha.verma202@email.com,9268075622,Hyderabad,1986-08-26,6,16700.0,3340.0,2026-07-27
203,Priya,Agarwal,priya.agarwal203@email.com,9604564682,Mumbai,1952-12-05,4,5200.0,2600.0,2026-08-11
204,Arjun,Kumar,arjun.kumar204@email.com,9859088046,Mumbai,1990-09-25,6,5000.0,1666.6666666666667,2026-07-12
205,Vivaan,Reddy,vivaan.reddy205@email.com,9384063364,Pune,2002-11-30,1,0.0,0.0,2026-05-12
206,Kavya,Reddy,kavya.reddy206@email.com,9556489494,Hyderabad,1998-11-09,5,3500.0,3500.0,2026-08-24
207,Arjun,Patel,arjun.patel207@email.com,9385220694,Bangalore,1956-05-28,4,6900.0,1725.0,2026-07-11
208,Aarav,Patel,aarav.patel208@email.com,9951078441,Mumbai,2003-05-21,3,9500.0,3166.6666666666665,2026-07-22
209,Isha,Agarwal,isha.agarwal209@email.com,9409893263,Delhi,1961-02-26,4,9700.0,3233.3333333333335,2026-07-14
210,Priya,Kumar,priya.kumar210@email.com,9851333320,Delhi,1974-06-04,3,2500.0,2500.0,2026-07-25
211,Sneha,Joshi,sneha.joshi211@email.com,9630208579,Delhi,1957-03-20,6,13500.0,4500.0,2026-07-16
212,Neha,Sharma,neha.sharma212@email.com,9563887247,Pune,1978-12-01,7,4700.0,1566.6666666666667,2026-08-18
213,Neha,Kumar,neha.kumar213@email.com,9127772220,Hyderabad,1970-07-16,5,2000.0,1000.0,2026-08-09
214,Kavya,Agarwal,kavya.agarwal214@email.com,9730418447,Hyderabad,1974-03-07,7,7400.0,1850.0,2026-08-11
215,Neha,Sharma,neha.sharma215@email.com,9919382051,Bangalore,1992-03-18,7,13900.0,2316.6666666666665,2026-08-22
216,Sneha,Mehta,sneha.mehta216@email.com,9398668350,Bangalore,2002-07-07,4,3000.0,1500.0,2026-07-05
217,Ananya,Mehta,ananya.mehta217@email.com,9197970787,Delhi,1981-03-20,4,5500.0,1833.3333333333333,2026-07-31
218,Ananya,Singh,ananya.singh218@email.com,9444733679,Pune,1959-05-21,4,4700.0,1566.6666666666667,2026-07-15
219,Simran,Patel,simran.patel219@email.com,9454123990,Delhi,1994-06-14,6,16700.0,3340.0,2026-08-06
220,Rahul,Gupta,rahul.gupta220@email.com,9973559879,Chennai,1953-04-17,3,3700.0,1233.3333333333333,2026-08-12
221,Priya,Verma,priya.verma221@email.com,9437710224,Mumbai,1979-01-02,3,4700.0,2350.0,2026-06-08
222,Vivaan,Gupta,vivaan.gupta222@email.com,9652543518,Hyderabad,1998-09-05,3,5500.0,2750.0,2026-04-09
223,Priya,Gupta,priya.gupta223@email.com,9158201193,Bangalore,1996-07-06,1,0.0,0.0,2026-01-05
224,Rohan,Agarwal,rohan.agarwal224@email.com,9912224654,Delhi,1989-08-28,3,7700.0,2566.6666666666665,2026-08-05
225,Pooja,Sharma,pooja.sharma225@email.com,9318568997,Mumbai,1999-04-10,3,3000.0,1500.0,2026-08-01
226,Aditya,Kumar,aditya.kumar226@email.com,9570423569,Pune,1993-06-27,5,2700.0,1350.0,2026-08-15
227,Vivaan,Sharma,vivaan.sharma227@email.com,9776481264,Chennai,1971-06-21,2,4700.0,2350.0,2026-07-01
228,Isha,Patel,isha.patel228@email.com,9433665422,Chennai,1951-03-25,4,5500.0,1833.3333333333333,2026-07-26
229,Sneha,Gupta,sneha.gupta229@email.com,9200082623,Bangalore,1960-03-06,6,14200.0,2840.0,2026-08-11
230,Priya,Verma,priya.verma230@email.com,9795472980,Bangalore,1994-09-17,4,6200.0,6200.0,2026-05-27
231,Aditi,Kumar,aditi.kumar231@email.com,9646397165,Pune,1974-07-13,6,11200.0,2800.0,2026-07-26
232,Ananya,Mehta,ananya.mehta232@email.com,9607042130,Bangalore,1990-12-24,6,16100.0,4025.0,2026-08-12
233,Sneha,Patel,sneha.patel233@email.com,9511872350,Bangalore,2003-10-10,5,6500.0,2166.6666666666665,2026-08-20
234,Sneha,Patel,sneha.patel234@email.com,9174958005,Mumbai,1987-03-24,3,8200.0,2733.3333333333335,2026-04-05
235,Rohan,Joshi,rohan.joshi235@email.com,9386874458,Hyderabad,1975-05-18,3,1500.0,1500.0,2026-06-30
236,Isha,Kumar,isha.kumar236@email.com,9999232921,Chennai,2002-01-10,4,5500.0,2750.0,2026-04-14
237,Kavya,Mehta,kavya.mehta237@email.com,9259553112,Delhi,1998-04-27,1,2500.0,2500.0,2026-04-19
238,Priya,Singh,priya.singh238@email.com,9456954682,Chennai,1998-10-03,7,18000.0,3600.0,2026-06-23
239,Ananya,Mehta,ananya.mehta239@email.com,9445505799,Bangalore,1971-06-05,4,2000.0,1000.0,2026-06-16
240,Neha,Gupta,neha.gupta240@email.com,9350785761,Delhi,1953-12-01,2,0.0,0.0,2026-01-30
241,Rohan,Mehta,rohan.mehta241@email.com,9857232668,Delhi,1984-08-21,4,5100.0,1700.0,2026-08-14
242,Kavya,Patel,kavya.patel242@email.com,9631855083,Hyderabad,1961-04-29,4,700.0,700.0,2026-07-09
243,Sneha,Agarwal,sneha.agarwal243@email.com,9456476596,Hyderabad,1989-07-02,8,11200.0,1600.0,2026-06-18
244,Vivaan,Joshi,vivaan.joshi244@email.com,9590622789,Hyderabad,1962-12-07,9,20900.0,2985.714285714286,2026-08-31
245,Ananya,Patel,ananya.patel245@email.com,9180346223,Delhi,1973-10-11,3,5000.0,2500.0,2026-08-29
246,Rohan,Agarwal,rohan.agarwal246@email.com,9843785903,Delhi,1957-03-16,3,700.0,700.0,2026-07-20
247,Simran,Singh,simran.singh247@email.com,9824085842,Chennai,1984-02-04,4,7400.0,2466.6666666666665,2026-06-19
248,Rohan,Mehta,rohan.mehta248@email.com,9680911523,Hyderabad,2005-05-24,2,0.0,0.0,2026-05-02
249,Vivaan,Reddy,vivaan.reddy249@email.com,9777703980,Pune,1975-10-13,2,6200.0,3100.0,2026-03-26
250,Arjun,Verma,arjun.verma250@email.com,9565973314,Hyderabad,1959-01-07,5,2500.0,833.3333333333334,2026-08-15
251,Priya,Patel,priya.patel251@email.com,9845178074,Mumbai,1952-08-06,2,3200.0,1600.0,2026-06-09
252,Aarav,Singh,aarav.singh252@email.com,9954852540,Hyderabad,1976-04-27,4,9200.0,2300.0,2026-08-25
253,Rohan,Singh,rohan.singh253@email.com,9562446417,Bangalore,1971-11-28,3,3500.0,1166.6666666666667,2026-08-13
254,Sneha,Gupta,sneha.gupta254@email.com,9707660630,Pune,1966-02-26,4,4700.0,1175.0,2026-08-29
255,Aditya,Patel,aditya.patel255@email.com,9184791618,Chennai,1984-04-27,6,11500.0,2875.0,2026-08-12
256,Neha,Reddy,neha.reddy256@email.com,9634366139,Chennai,1962-11-03,8,4500.0,1500.0,2026-08-11
257,Arjun,Mehta,arjun.mehta257@email.com,9784944881,Mumbai,1991-03-26,6,9900.0,1980.0,2026-07-20
258,Rahul,Sharma,rahul.sharma258@email.com,9963968184,Delhi,1975-10-22,4,4400.0,1466.6666666666667,2026-06-30
259,Kavya,Joshi,kavya.joshi259@email.com,9269625036,Hyderabad,1989-08-18,6,11000.0,5500.0,2026-07-08
260,Rohan,Agarwal,rohan.agarwal260@email.com,9421214426,Pune,1988-01-25,3,2500.0,1250.0,2026-06-10
261,Isha,Kumar,isha.kumar261@email.com,9590523712,Mumbai,1967-11-15,3,2500.0,1250.0,2026-05-10
262,Ananya,Mehta,ananya.mehta262@email.com,9214518079,Bangalore,1984-03-19,2,2000.0,2000.0,2026-07-26
263,Neha,Singh,neha.singh263@email.com,9717199615,Mumbai,1976-06-27,1,1400.0,1400.0,2026-05-06
264,Aarav,Gupta,aarav.gupta264@email.com,9394721069,Hyderabad,2000-10-09,3,9000.0,3000.0,2026-07-16
265,Simran,Sharma,simran.sharma265@email.com,9751124015,Pune,1994-07-25,4,5000.0,2500.0,2026-05-22
266,Simran,Kumar,simran.kumar266@email.com,9932945529,Bangalore,2004-06-18,5,3700.0,1233.3333333333333,2026-08-16
267,Pooja,Singh,pooja.singh267@email.com,9335154329,Pune,1967-01-22,4,6000.0,1500.0,2026-06-25
268,Neha,Kumar,neha.kumar268@email.com,9827744047,Pune,1962-04-09,4,9000.0,3000.0,2026-08-01
269,Kavya,Verma,kavya.verma269@email.com,9773728014,Pune,1953-07-15,5,4200.0,1050.0,2026-08-13
270,Rahul,Mehta,rahul.mehta270@email.com,9135824891,Chennai,1982-09-25,3,1000.0,1000.0,2026-06-09
271,Isha,Patel,isha.patel271@email.com,9196779973,Mumbai,1979-04-24,2,11200.0,11200.0,2026-07-07
272,Isha,Gupta,isha.gupta272@email.com,9288592093,Bangalore,1961-11-09,1,700.0,700.0,2026-03-17
273,Pooja,Joshi,pooja.joshi273@email.com,9492836532,Chennai,1995-01-07,4,6600.0,1650.0,2026-06-27
274,Aditi,Kumar,aditi.kumar274@email.com,9991713190,Bangalore,1973-01-20,6,700.0,700.0,2026-08-25
275,Aditi,Mehta,aditi.mehta275@email.com,9965960427,Mumbai,1980-05-22,5,6000.0,3000.0,2026-08-01
276,Pooja,Verma,pooja.verma276@email.com,9602866993,Hyderabad,1962-08-18,2,4500.0,2250.0,2026-07-19
277,Pooja,Reddy,pooja.reddy277@email.com,9826197069,Pune,1985-08-27,5,10000.0,5000.0,2026-07-20
278,Simran,Joshi,simran.joshi278@email.com,9492747974,Hyderabad,1985-05-26,3,5500.0,1833.3333333333333,2026-07-24
279,Aarav,Kumar,aarav.kumar279@email.com,9676140134,Hyderabad,1990-10-20,1,500.0,500.0,2026-07-22
280,Rohan,Kumar,rohan.kumar280@email.com,9727666622,Delhi,1983-04-30,6,10200.0,2040.0,2026-07-15
281,Vivaan,Reddy,vivaan.reddy281@email.com,9606244434,Hyderabad,2005-08-01,11,22800.0,2850.0,2026-06-09
282,Aditi,Joshi,aditi.joshi282@email.com,9452194058,Chennai,1969-11-10,4,4900.0,1225.0,2026-08-05
283,Kavya,Verma,kavya.verma283@email.com,9782259766,Delhi,1977-02-10,5,9000.0,2250.0,2026-07-18
284,Kavya,Gupta,kavya.gupta284@email.com,9225279834,Bangalore,1954-01-25,4,1500.0,1500.0,2026-07-04
285,Aarav,Kumar,aarav.kumar285@email.com,9628951656,Hyderabad,1958-09-20,1,0.0,0.0,2026-04-15
286,Arjun,Joshi,arjun.joshi286@email.com,9245668163,Delhi,1990-09-12,2,0.0,0.0,2026-05-28
287,Rohan,Joshi,rohan.joshi287@email.com,9550033924,Chennai,1963-11-12,4,5500.0,2750.0,2026-05-19
288,Aditi,Gupta,aditi.gupta288@email.com,9803217037,Hyderabad,1993-11-25,6,8000.0,2000.0,2026-07-18
289,Neha,Gupta,neha.gupta289@email.com,9400368694,Hyderabad,1983-03-30,5,11200.0,2800.0,2026-07-09
290,Arjun,Mehta,arjun.mehta290@email.com,9577488537,Bangalore,1982-07-16,3,13500.0,4500.0,2026-08-17
291,Vivaan,Singh,vivaan.singh291@email.com,9684615760,Pune,1982-03-07,3,700.0,700.0,2026-07-26
292,Aarav,Gupta,aarav.gupta292@email.com,9396225446,Bangalore,1960-12-16,1,4500.0,4500.0,2026-03-13
293,Simran,Mehta,simran.mehta293@email.com,9198433586,Pune,1969-01-11,5,9500.0,4750.0,2026-08-06
294,Kavya,Agarwal,kavya.agarwal294@email.com,9122932394,Hyderabad,1979-12-03,2,2500.0,2500.0,2026-07-25
295,Arjun,Patel,arjun.patel295@email.com,9945011302,Chennai,1968-05-30,1,0.0,0.0,2026-04-25
296,Vivaan,Joshi,vivaan.joshi296@email.com,9322433532,Chennai,1969-05-17,5,11400.0,3800.0,2026-07-18
297,Simran,Reddy,simran.reddy297@email.com,9452788129,Bangalore,2003-06-21,3,2900.0,1450.0,2026-07-07
298,Aarav,Kumar,aarav.kumar298@email.com,9255357534,Bangalore,1998-06-19,4,500.0,500.0,2026-08-11
299,Rahul,Patel,rahul.patel299@email.com,9218032515,Pune,1952-04-24,6,4000.0,1333.3333333333333,2026-07-30
300,Aditya,Sharma,aditya.sharma300@email.com,9484659715,Bangalore,2002-10-30,3,2700.0,900.0,2026-03-08
301,Rohan,Sharma,rohan.sharma301@email.com,9287095435,Mumbai,1954-09-14,0,0.0,0.0,
302,Aditya,Gupta,aditya.gupta302@email.com,9664880035,Hyderabad,1955-09-14,1,0.0,0.0,2026-08-21
303,Priya,Mehta,priya.mehta303@email.com,9935389432,Mumbai,1996-01-17,3,4200.0,1400.0,2026-06-22
304,Neha,Verma,neha.verma304@email.com,9585337126,Chennai,1969-11-16,8,9000.0,3000.0,2026-08-22
305,Neha,Sharma,neha.sharma305@email.com,9880871219,Pune,1996-10-12,2,0.0,0.0,2026-03-18
306,Rahul,Mehta,rahul.mehta306@email.com,9790781796,Hyderabad,1955-06-17,4,4000.0,2000.0,2026-07-03
307,Priya,Gupta,priya.gupta307@email.com,9557707813,Pune,1959-09-08,3,1000.0,500.0,2026-08-10
308,Priya,Mehta,priya.mehta308@email.com,9178910051,Hyderabad,1978-11-24,3,4200.0,4200.0,2026-08-13
309,Neha,Patel,neha.patel309@email.com,9170525764,Bangalore,1974-09-03,7,4500.0,1500.0,2026-08-24
310,Neha,Agarwal,neha.agarwal310@email.com,9688793237,Pune,1979-03-05,3,6000.0,3000.0,2026-05-15
311,Ananya,Agarwal,ananya.agarwal311@email.com,9669681065,Mumbai,1990-09-15,3,5000.0,1666.6666666666667,2026-02-17
312,Sneha,Agarwal,sneha.agarwal312@email.com,9561923010,Hyderabad,1960-04-07,5,6700.0,3350.0,2026-05-25
313,Simran,Joshi,simran.joshi313@email.com,9873995963,Bangalore,1988-08-01,3,8000.0,4000.0,2026-08-08
314,Priya,Reddy,priya.reddy314@email.com,9544328940,Mumbai,1990-09-08,4,5900.0,2950.0,2026-08-20
315,Ananya,Gupta,ananya.gupta315@email.com,9883415470,Hyderabad,1978-01-15,7,5400.0,1350.0,2026-07-15
316,Ananya,Singh,ananya.singh316@email.com,9814154134,Mumbai,1983-08-01,2,3500.0,3500.0,2026-06-15
317,Aditya,Mehta,aditya.mehta317@email.com,9172083844,Hyderabad,1957-08-29,3,1700.0,850.0,2026-08-27
318,Vivaan,Gupta,vivaan.gupta318@email.com,9203685265,Pune,1983-06-07,5,10500.0,3500.0,2026-08-19
319,Pooja,Patel,pooja.patel319@email.com,9697398528,Hyderabad,2002-08-13,2,0.0,0.0,2026-03-25
320,Sneha,Joshi,sneha.joshi320@email.com,9453954673,Pune,1960-12-19,5,3500.0,1750.0,2026-07-14
321,Ananya,Singh,ananya.singh321@email.com,9814403943,Delhi,1954-08-13,3,3000.0,3000.0,2026-07-02
322,Rahul,Agarwal,rahul.agarwal322@email.com,9435489452,Mumbai,1959-04-18,1,0.0,0.0,2026-05-02
323,Neha,Joshi,neha.joshi323@email.com,9328426553,Bangalore,1993-04-05,5,3700.0,1850.0,2026-08-22
324,Arjun,Verma,arjun.verma324@email.com,9475932035,Chennai,1982-12-23,2,6200.0,3100.0,2026-07-28
325,Vivaan,Kumar,vivaan.kumar325@email.com,9716435189,Bangalore,1988-07-01,7,18400.0,3066.6666666666665,2026-08-22
326,Simran,Joshi,simran.joshi326@email.com,9924024405,Chennai,2005-01-17,1,0.0,0.0,2026-07-12
327,Kavya,Joshi,kavya.joshi327@email.com,9128189836,Chennai,1973-12-29,3,1000.0,1000.0,2026-08-16
328,Aarav,Patel,aarav.patel328@email.com,9393421844,Pune,1977-09-20,2,2000.0,2000.0,2026-03-24
329,Aditi,Singh,aditi.singh329@email.com,9476908532,Hyderabad,1966-04-11,5,21100.0,4220.0,2026-07-13
330,Simran,Patel,simran.patel330@email.com,9708082645,Pune,1985-12-15,3,700.0,700.0,2026-08-16
331,Vivaan,Patel,vivaan.patel331@email.com,9895609471,Pune,1952-10-01,5,2200.0,1100.0,2026-05-05
332,Vivaan,Joshi,vivaan.joshi332@email.com,9330997172,Delhi,1987-09-01,4,14900.0,4966.666666666667,2026-06-10
333,Priya,Singh,priya.singh333@email.com,9269016920,Mumbai,1977-12-16,4,1000.0,1000.0,2026-05-17
334,Isha,Singh,isha.singh334@email.com,9934120892,Chennai,2003-06-29,0,0.0,0.0,
335,Vivaan,Sharma,vivaan.sharma335@email.com,9267052653,Bangalore,2005-06-06,5,7700.0,1925.0,2026-08-26
336,Aarav,Verma,aarav.verma336@email.com,9392168202,Delhi,1988-01-16,4,3500.0,1750.0,2026-06-26
337,Priya,Agarwal,priya.agarwal337@email.com,9574641329,Delhi,1974-07-05,3,10700.0,5350.0,2026-05-26
338,Arjun,Joshi,arjun.joshi338@email.com,9222210617,Mumbai,1988-07-27,7,13200.0,3300.0,2026-06-25
339,Vivaan,Kumar,vivaan.kumar339@email.com,9828230915,Pune,2003-03-19,4,6200.0,2066.6666666666665,2026-08-29
340,Priya,Joshi,priya.joshi340@email.com,9816328133,Mumbai,1954-01-28,0,0.0,0.0,
341,Arjun,Gupta,arjun.gupta341@email.com,9743520276,Hyderabad,1950-09-09,2,2200.0,1100.0,2026-04-15
342,Arjun,Kumar,arjun.kumar342@email.com,9326810757,Bangalore,1972-12-03,2,0.0,0.0,2026-06-18
343,Rahul,Singh,rahul.singh343@email.com,9228832213,Hyderabad,1994-08-16,2,7500.0,3750.0,2026-04-14
344,Isha,Gupta,isha.gupta344@email.com,9288650860,Bangalore,1984-02-10,9,16500.0,2357.1428571428573,2026-08-15
345,Sneha,Reddy,sneha.reddy345@email.com,9637152602,Chennai,1981-10-10,4,13700.0,4566.666666666667,2026-08-01
346,Vivaan,Gupta,vivaan.gupta346@email.com,9896760809,Hyderabad,1989-02-19,1,5700.0,5700.0,2026-02-15
347,Aarav,Mehta,aarav.mehta347@email.com,9183604337,Mumbai,2001-08-27,6,7700.0,1925.0,2026-07-31
348,Ananya,Agarwal,ananya.agarwal348@email.com,9534245762,Pune,1987-06-22,4,4000.0,2000.0,2026-05-23
349,Rahul,Verma,rahul.verma349@email.com,9534900128,Hyderabad,1979-02-20,6,7700.0,1925.0,2026-08-28
350,Aditya,Agarwal,aditya.agarwal350@email.com,9594025283,Pune,1982-06-19,1,0.0,0.0,2026-07-15
351,Vivaan,Gupta,vivaan.gupta351@email.com,9213669678,Bangalore,1989-02-01,4,17000.0,4250.0,2026-08-04
352,Neha,Gupta,neha.gupta352@email.com,9662600500,Hyderabad,1985-07-04,3,2400.0,1200.0,2026-08-25
353,Simran,Kumar,simran.kumar353@email.com,9900801837,Mumbai,1969-11-17,5,15200.0,3040.0,2026-08-10
354,Rohan,Patel,rohan.patel354@email.com,9182011731,Chennai,1960-03-25,6,9500.0,1900.0,2026-08-05
355,Sneha,Joshi,sneha.joshi355@email.com,9308202515,Mumbai,1981-07-01,2,500.0,500.0,2026-08-07
356,Isha,Patel,isha.patel356@email.com,9353691745,Hyderabad,1963-02-20,6,10000.0,3333.3333333333335,2026-08-27
357,Rahul,Reddy,rahul.reddy357@email.com,9286293158,Chennai,1963-09-19,4,5000.0,2500.0,2026-08-04
358,Pooja,Verma,pooja.verma358@email.com,9290209201,Pune,1994-05-01,3,2500.0,1250.0,2026-05-19
359,Priya,Agarwal,priya.agarwal359@email.com,9915911873,Chennai,1990-04-10,3,6000.0,2000.0,2026-05-27
360,Kavya,Agarwal,kavya.agarwal360@email.com,9790407222,Pune,1978-12-30,0,0.0,0.0,
361,Simran,Singh,simran.singh361@email.com,9262089272,Delhi,1956-02-16,5,3500.0,1750.0,2026-08-17
362,Priya,Mehta,priya.mehta362@email.com,9777944609,Mumbai,1974-08-23,2,1000.0,1000.0,2026-02-11
363,Neha,Sharma,neha.sharma363@email.com,9477895080,Chennai,1956-08-28,3,7500.0,3750.0,2026-07-08
364,Rahul,Mehta,rahul.mehta364@email.com,9585238820,Hyderabad,1955-02-08,4,1200.0,600.0,2026-06-22
365,Rohan,Kumar,rohan.kumar365@email.com,9182389284,Pune,1958-02-06,3,9500.0,3166.6666666666665,2026-06-14
366,Neha,Agarwal,neha.agarwal366@email.com,9644459924,Delhi,1991-07-07,4,3000.0,1500.0,2026-08-01
367,Neha,Joshi,neha.joshi367@email.com,9950207886,Pune,1953-09-06,2,2200.0,1100.0,2026-05-02
368,Priya,Agarwal,priya.agarwal368@email.com,9799905142,Bangalore,1978-11-05,2,5500.0,2750.0,2026-08-24
369,Neha,Mehta,neha.mehta369@email.com,9638339044,Bangalore,1955-07-21,3,1500.0,1500.0,2026-07-28
370,Priya,Verma,priya.verma370@email.com,9970768982,Mumbai,1957-07-26,4,4000.0,2000.0,2026-06-17
371,Sneha,Patel,sneha.patel371@email.com,9142028540,Bangalore,1989-04-10,5,8700.0,2175.0,2026-06-04
372,Priya,Joshi,priya.joshi372@email.com,9661296425,Chennai,1964-03-29,4,4000.0,2000.0,2026-08-30
373,Rohan,Singh,rohan.singh373@email.com,9403754671,Delhi,1986-09-03,6,12000.0,2400.0,2026-08-17
374,Pooja,Singh,pooja.singh374@email.com,9828960875,Chennai,1954-09-12,3,5000.0,1666.6666666666667,2026-05-16
375,Pooja,Singh,pooja.singh375@email.com,9170772317,Mumbai,1958-06-24,4,3000.0,3000.0,2026-08-29
376,Sneha,Gupta,sneha.gupta376@email.com,9405100495,Mumbai,2004-01-27,5,5000.0,1666.6666666666667,2026-07-14
377,Simran,Patel,simran.patel377@email.com,9457944766,Hyderabad,2002-04-13,8,25900.0,4316.666666666667,2026-08-07
378,Kavya,Patel,kavya.patel378@email.com,9475617211,Mumbai,1985-03-01,6,15700.0,3140.0,2026-08-26
379,Aditya,Agarwal,aditya.agarwal379@email.com,9861104727,Hyderabad,1977-10-10,4,2200.0,1100.0,2026-08-10
380,Sneha,Gupta,sneha.gupta380@email.com,9790945624,Mumbai,1961-06-19,4,3500.0,1750.0,2026-08-25
381,Kavya,Joshi,kavya.joshi381@email.com,9200344359,Pune,1987-12-27,4,6000.0,2000.0,2026-08-28
382,Sneha,Singh,sneha.singh382@email.com,9119574893,Mumbai,1977-09-16,3,3000.0,1500.0,2026-08-27
383,Aditya,Reddy,aditya.reddy383@email.com,9466932310,Delhi,1967-03-24,7,12200.0,4066.6666666666665,2026-07-23
384,Arjun,Patel,arjun.patel384@email.com,9266371119,Hyderabad,1976-07-15,6,0.0,0.0,2026-08-13
385,Simran,Verma,simran.verma385@email.com,9645127678,Chennai,1997-03-28,4,6600.0,2200.0,2026-07-16
386,Aarav,Singh,aarav.singh386@email.com,9922816526,Chennai,1961-10-04,7,14500.0,2900.0,2026-07-17
387,Neha,Gupta,neha.gupta387@email.com,9265627642,Bangalore,1966-03-23,5,7000.0,1750.0,2026-08-23
388,Simran,Agarwal,simran.agarwal388@email.com,9968704078,Bangalore,1989-04-07,3,1700.0,566.6666666666666,2026-07-04
389,Aarav,Gupta,aarav.gupta389@email.com,9491163514,Pune,1971-04-24,2,0.0,0.0,2026-07-27
390,Priya,Agarwal,priya.agarwal390@email.com,9405939035,Pune,1990-04-11,3,4200.0,2100.0,2026-06-20
391,Arjun,Joshi,arjun.joshi391@email.com,9356805216,Mumbai,1992-01-29,9,15700.0,2616.6666666666665,2026-06-30
392,Aditi,Reddy,aditi.reddy392@email.com,9494966219,Pune,2001-03-05,8,27900.0,3985.714285714286,2026-07-16
393,Priya,Mehta,priya.mehta393@email.com,9926178355,Mumbai,1984-04-05,4,1500.0,750.0,2026-08-21
394,Sneha,Joshi,sneha.joshi394@email.com,9549533634,Bangalore,1967-12-01,4,6200.0,2066.6666666666665,2026-07-30
395,Pooja,Agarwal,pooja.agarwal395@email.com,9248604290,Mumbai,1954-09-06,4,6500.0,2166.6666666666665,2026-05-14
396,Kavya,Mehta,kavya.mehta396@email.com,9498585961,Chennai,1959-03-16,3,6500.0,2166.6666666666665,2026-07-30
397,Isha,Joshi,isha.joshi397@email.com,9233871736,Mumbai,1957-07-11,3,14000.0,4666.666666666667,2026-08-05
398,Pooja,Patel,pooja.patel398@email.com,9392907427,Delhi,1996-01-21,2,10000.0,5000.0,2026-04-08
399,Aditya,Gupta,aditya.gupta399@email.com,9198476695,Bangalore,1990-06-22,4,9100.0,3033.3333333333335,2026-05-05
400,Aditi,Singh,aditi.singh400@email.com,9128636900,Delhi,1954-10-12,2,4000.0,2000.0,2026-08-14
401,Ananya,Joshi,ananya.joshi401@email.com,9501538092,Bangalore,1984-08-23,4,4500.0,1500.0,2026-07-30
402,Vivaan,Singh,vivaan.singh402@email.com,9341096660,Hyderabad,1978-08-04,7,11500.0,2875.0,2026-08-26
403,Aditi,Verma,aditi.verma403@email.com,9867407868,Pune,1980-01-30,7,11900.0,2380.0,2026-08-04
404,Pooja,Patel,pooja.patel404@email.com,9247746438,Hyderabad,1975-09-27,7,10200.0,2550.0,2026-08-17
405,Aditi,Mehta,aditi.mehta405@email.com,9847401602,Bangalore,1992-02-01,1,4500.0,4500.0,2026-06-18
406,Priya,Agarwal,priya.agarwal406@email.com,9105638424,Hyderabad,1951-09-15,7,14100.0,2350.0,2026-06-15
407,Rahul,Reddy,rahul.reddy407@email.com,9996534803,Bangalore,1999-03-28,5,9500.0,4750.0,2026-08-30
408,Isha,Agarwal,isha.agarwal408@email.com,9666690337,Delhi,1959-12-23,1,2500.0,2500.0,2026-08-14
409,Pooja,Kumar,pooja.kumar409@email.com,9355164255,Mumbai,1960-12-06,3,5000.0,2500.0,2026-08-28
410,Aarav,Reddy,aarav.reddy410@email.com,9550784243,Pune,2005-11-16,9,20700.0,2957.1428571428573,2026-08-31
411,Priya,Verma,priya.verma411@email.com,9219032752,Delhi,2003-07-15,5,6500.0,2166.6666666666665,2026-06-28
412,Sneha,Sharma,sneha.sharma412@email.com,9778556450,Chennai,2001-08-04,5,7000.0,1750.0,2026-08-18
413,Arjun,Patel,arjun.patel413@email.com,9412750915,Delhi,1950-02-21,6,7500.0,3750.0,2026-08-20
414,Neha,Singh,neha.singh414@email.com,9358303887,Chennai,1987-05-17,7,12200.0,2033.3333333333333,2026-07-15
415,Aditya,Verma,aditya.verma415@email.com,9662087258,Mumbai,1956-01-27,2,2500.0,1250.0,2026-05-30
416,Sneha,Joshi,sneha.joshi416@email.com,9644738967,Chennai,1999-09-19,1,2500.0,2500.0,2026-06-14
417,Aarav,Gupta,aarav.gupta417@email.com,9604803700,Hyderabad,1984-09-16,2,8500.0,4250.0,2026-06-22
418,Rohan,Kumar,rohan.kumar418@email.com,9902425085,Hyderabad,1982-01-14,3,4700.0,2350.0,2026-06-10
419,Pooja,Verma,pooja.verma419@email.com,9470228863,Bangalore,1959-04-20,4,8200.0,2733.3333333333335,2026-07-11
420,Pooja,Agarwal,pooja.agarwal420@email.com,9889401015,Mumbai,1961-12-20,5,3000.0,1500.0,2026-08-08
421,Aarav,Singh,aarav.singh421@email.com,9686277792,Mumbai,1965-09-16,6,15200.0,3040.0,2026-08-26
422,Simran,Mehta,simran.mehta422@email.com,9846668526,Delhi,1966-05-09,4,5000.0,2500.0,2026-07-20
423,Pooja,Patel,pooja.patel423@email.com,9167753684,Pune,1991-01-23,0,0.0,0.0,
424,Aarav,Kumar,aarav.kumar424@email.com,9316456682,Hyderabad,1967-11-24,2,4500.0,4500.0,2026-06-28
425,Aditi,Sharma,aditi.sharma425@email.com,9438868427,Mumbai,1996-03-28,5,23900.0,4780.0,2026-08-26
426,Ananya,Joshi,ananya.joshi426@email.com,9608309128,Mumbai,1953-04-14,4,1500.0,1500.0,2026-07-23
427,Pooja,Reddy,pooja.reddy427@email.com,9407209235,Mumbai,1954-04-16,2,6200.0,3100.0,2026-07-30
428,Simran,Singh,simran.singh428@email.com,9393364102,Hyderabad,1983-01-07,5,4500.0,1500.0,2026-08-02
429,Ananya,Gupta,ananya.gupta429@email.com,9898120571,Delhi,1984-09-08,1,2000.0,2000.0,2026-06-29
430,Rohan,Patel,rohan.patel430@email.com,9632794158,Pune,1994-08-20,2,3500.0,3500.0,2026-07-06
431,Rohan,Joshi,rohan.joshi431@email.com,9386389162,Hyderabad,1988-02-01,4,7200.0,2400.0,2026-07-14
432,Vivaan,Gupta,vivaan.gupta432@email.com,9746879296,Bangalore,1998-12-09,2,4700.0,2350.0,2026-03-19
433,Rahul,Singh,rahul.singh433@email.com,9210163669,Hyderabad,1979-06-03,3,3200.0,3200.0,2026-04-16
434,Kavya,Kumar,kavya.kumar434@email.com,9429097422,Delhi,2004-01-24,4,5500.0,1833.3333333333333,2026-08-30
435,Isha,Gupta,isha.gupta435@email.com,9278933456,Pune,1989-10-28,5,10000.0,2500.0,2026-08-12
436,Rohan,Mehta,rohan.mehta436@email.com,9145478504,Pune,1981-08-18,3,7000.0,2333.3333333333335,2026-08-26
437,Neha,Gupta,neha.gupta437@email.com,9394801573,Pune,1955-02-23,6,11600.0,2320.0,2026-08-06
438,Vivaan,Gupta,vivaan.gupta438@email.com,9490102359,Chennai,1964-05-09,1,5000.0,5000.0,2026-07-14
439,Aarav,Patel,aarav.patel439@email.com,9752376434,Pune,1989-04-24,5,15500.0,3100.0,2026-08-18
440,Aarav,Patel,aarav.patel440@email.com,9172191273,Bangalore,1982-11-12,5,4700.0,2350.0,2026-08-17
441,Rohan,Gupta,rohan.gupta441@email.com,9709074302,Hyderabad,2004-04-14,4,7000.0,2333.3333333333335,2026-08-23
442,Aditya,Mehta,aditya.mehta442@email.com,9498320110,Mumbai,1989-10-30,6,16700.0,3340.0,2026-05-28
443,Pooja,Verma,pooja.verma443@email.com,9716243819,Bangalore,1997-07-02,3,0.0,0.0,2026-04-30
444,Rohan,Gupta,rohan.gupta444@email.com,9437568796,Pune,1975-01-02,3,5700.0,1900.0,2026-08-19
445,Arjun,Verma,arjun.verma445@email.com,9127824235,Pune,1966-09-10,5,10000.0,3333.3333333333335,2026-08-14
446,Priya,Joshi,priya.joshi446@email.com,9515524530,Chennai,1960-07-25,4,7000.0,7000.0,2026-08-22
447,Rahul,Kumar,rahul.kumar447@email.com,9855954847,Delhi,1969-04-02,3,6200.0,3100.0,2026-08-09
448,Neha,Kumar,neha.kumar448@email.com,9845156039,Delhi,1967-12-17,3,5700.0,2850.0,2026-06-28
449,Vivaan,Patel,vivaan.patel449@email.com,9179512774,Delhi,1965-06-28,1,0.0,0.0,2026-02-16
450,Aditi,Mehta,aditi.mehta450@email.com,9194264587,Pune,1978-09-03,4,9200.0,4600.0,2026-07-18
451,Kavya,Singh,kavya.singh451@email.com,9861863296,Hyderabad,1999-05-06,3,5200.0,2600.0,2026-04-28
452,Sneha,Kumar,sneha.kumar452@email.com,9422076028,Bangalore,1965-08-14,6,6000.0,1500.0,2026-07-23
453,Pooja,Singh,pooja.singh453@email.com,9646272321,Bangalore,1960-11-20,4,5700.0,1900.0,2026-06-19
454,Arjun,Patel,arjun.patel454@email.com,9354193540,Delhi,1952-05-11,4,10500.0,5250.0,2026-08-24
455,Rohan,Joshi,rohan.joshi455@email.com,9714478186,Mumbai,1991-12-07,7,2000.0,2000.0,2026-08-20
456,Pooja,Joshi,pooja.joshi456@email.com,9239340792,Chennai,1957-09-26,0,0.0,0.0,
457,Vivaan,Kumar,vivaan.kumar457@email.com,9527521016,Pune,1992-12-10,2,3700.0,1850.0,2026-08-18
458,Sneha,Gupta,sneha.gupta458@email.com,9925884151,Delhi,2001-07-30,4,5700.0,1900.0,2026-06-30
459,Vivaan,Patel,vivaan.patel459@email.com,9440405868,Pune,1956-08-27,3,9000.0,3000.0,2026-06-11
460,Priya,Mehta,priya.mehta460@email.com,9830261466,Chennai,1980-11-28,5,8300.0,2075.0,2026-08-18
461,Aditya,Joshi,aditya.joshi461@email.com,9786973497,Chennai,1966-04-29,4,0.0,0.0,2026-07-20
462,Pooja,Patel,pooja.patel462@email.com,9564520346,Chennai,1954-12-21,6,15400.0,3080.0,2026-08-21
463,Simran,Verma,simran.verma463@email.com,9656307931,Bangalore,1977-04-14,4,10500.0,3500.0,2026-07-09
464,Aditya,Patel,aditya.patel464@email.com,9446454337,Pune,1970-03-25,4,4000.0,2000.0,2026-08-06
465,Rohan,Joshi,rohan.joshi465@email.com,9404994549,Hyderabad,1972-06-25,3,1500.0,1500.0,2026-08-02
466,Arjun,Joshi,arjun.joshi466@email.com,9394689553,Bangalore,1977-03-02,5,8200.0,2050.0,2026-07-09
467,Neha,Joshi,neha.joshi467@email.com,9200317984,Chennai,1965-02-16,2,7200.0,3600.0,2026-06-30
468,Neha,Agarwal,neha.agarwal468@email.com,9265564833,Bangalore,2004-04-16,5,14700.0,2940.0,2026-05-09
469,Rohan,Agarwal,rohan.agarwal469@email.com,9144232045,Hyderabad,1957-04-15,2,0.0,0.0,2026-04-09
470,Aarav,Agarwal,aarav.agarwal470@email.com,9384172112,Pune,1968-11-29,10,23700.0,3385.714285714286,2026-07-24
471,Pooja,Agarwal,pooja.agarwal471@email.com,9547306651,Chennai,1952-09-19,5,10000.0,3333.3333333333335,2026-08-18
472,Priya,Joshi,priya.joshi472@email.com,9411032572,Pune,1977-02-07,5,6700.0,2233.3333333333335,2026-08-18
473,Priya,Reddy,priya.reddy473@email.com,9964027324,Pune,1986-06-07,3,3500.0,1166.6666666666667,2026-08-31
474,Rahul,Mehta,rahul.mehta474@email.com,9178354184,Pune,1955-05-18,4,3400.0,1133.3333333333333,2026-07-19
475,Aditya,Mehta,aditya.mehta475@email.com,9546270451,Delhi,1991-09-01,5,9500.0,2375.0,2026-08-10
476,Arjun,Singh,arjun.singh476@email.com,9751396498,Bangalore,1978-01-16,2,2000.0,2000.0,2026-08-03
477,Simran,Singh,simran.singh477@email.com,9888340979,Mumbai,1985-10-09,6,18500.0,3700.0,2026-07-07
478,Aditya,Singh,aditya.singh478@email.com,9652955706,Chennai,1959-07-12,3,3000.0,1500.0,2026-08-08
479,Rohan,Reddy,rohan.reddy479@email.com,9600871106,Hyderabad,1973-12-30,4,5500.0,1833.3333333333333,2026-08-22
480,Priya,Reddy,priya.reddy480@email.com,9251266214,Hyderabad,1954-07-17,4,11200.0,3733.3333333333335,2026-07-09
481,Rahul,Gupta,rahul.gupta481@email.com,9760756497,Delhi,1972-04-10,6,6000.0,2000.0,2026-07-25
482,Simran,Patel,simran.patel482@email.com,9973465185,Mumbai,2001-10-29,1,700.0,700.0,2026-01-09
483,Isha,Singh,isha.singh483@email.com,9303832812,Bangalore,1994-09-14,2,2500.0,2500.0,2026-08-04
484,Sneha,Mehta,sneha.mehta484@email.com,9635539154,Mumbai,1994-08-15,4,6500.0,2166.6666666666665,2026-08-21
485,Aarav,Verma,aarav.verma485@email.com,9522240582,Chennai,1991-01-08,3,8700.0,4350.0,2026-08-22
486,Arjun,Reddy,arjun.reddy486@email.com,9726360971,Mumbai,1954-05-14,6,500.0,500.0,2026-08-26
487,Aarav,Kumar,aarav.kumar487@email.com,9631388604,Chennai,1992-03-21,5,5200.0,2600.0,2026-06-10
488,Rahul,Joshi,rahul.joshi488@email.com,9108780419,Hyderabad,1988-08-29,8,17500.0,2187.5,2026-08-22
489,Aditya,Kumar,aditya.kumar489@email.com,9881155839,Mumbai,1986-03-06,1,700.0,700.0,2026-04-12
490,Rohan,Sharma,rohan.sharma490@email.com,9530121245,Hyderabad,2001-02-28,0,0.0,0.0,
491,Sneha,Reddy,sneha.reddy491@email.com,9489256938,Chennai,1975-11-22,9,22200.0,3171.4285714285716,2026-08-16
492,Vivaan,Gupta,vivaan.gupta492@email.com,9641440255,Delhi,1999-05-01,6,1000.0,500.0,2026-08-02
493,Rahul,Agarwal,rahul.agarwal493@email.com,9830572478,Chennai,1960-08-29,3,3700.0,1850.0,2026-06-24
494,Aditya,Verma,aditya.verma494@email.com,9522950895,Mumbai,1980-06-03,4,7000.0,3500.0,2026-06-22
495,Sneha,Singh,sneha.singh495@email.com,9910637681,Bangalore,1967-11-10,5,8700.0,2175.0,2026-08-10
496,Neha,Joshi,neha.joshi496@email.com,9530986098,Chennai,1953-08-12,3,3700.0,1850.0,2026-08-15
497,Aarav,Sharma,aarav.sharma497@email.com,9247141682,Pune,1979-11-18,10,10900.0,1816.6666666666667,2026-08-07
498,Pooja,Mehta,pooja.mehta498@email.com,9657629251,Delhi,1963-05-13,4,6500.0,3250.0,2026-07-17
499,Neha,Joshi,neha.joshi499@email.com,9250088694,Mumbai,2005-01-01,9,17600.0,2514.285714285714,2026-07-15
500,Rohan,Patel,rohan.patel500@email.com,9521931770,Chennai,1976-11-05,4,7500.0,2500.0,2026-07-20
