doctor_id,doctor_name,specialization,city,consultation_fee
1,Dr. Neha Singh,Pediatrics,Chennai,1200.0
2,Dr. Priya Agarwal,Orthopedics,Delhi,2000.0
3,Dr. Aarav Singh,Orthopedics,Pune,500.0
4,Dr. Ananya Agarwal,Orthopedics,Pune,2000.0
5,Dr. Isha Sharma,Pediatrics,Delhi,800.0
6,Dr. Kavya Agarwal,Pediatrics,Bangalore,
7,Dr. Aarav Agarwal,Dermatology,Bangalore,1200.0
8,Dr. Kavya Agarwal,ENT,Delhi,700.0
9,Dr. Simran Reddy,Cardiology,Chennai,1500.0
10,Dr. Vivaan Reddy,Cardiology,Delhi,800.0
11,Dr. Ananya Patel,Dermatology,Pune,-500.0
12,Dr. Ananya Joshi,ENT,Chennai,1000.0
13,Dr. Simran Sharma,General Medicine,Bangalore,1200.0
14,Dr. Arjun Joshi,Orthopedics,Pune,1000.0
15,Dr. Sneha Gupta,Orthopedics,Bangalore,1000.0
16,Dr. Aditi Joshi,Orthopedics,Chennai,800.0
17,Dr. Kavya Kumar,Pediatrics,Delhi,700.0
18,Dr. Arjun Kumar,Pediatrics,Mumbai,700.0
19,Dr. Rahul Kumar,General Medicine,Bangalore,1500.0
20,Dr. Isha Mehta,Orthopedics,Delhi,800.0
21,Dr. Sneha Kumar,Orthopedics,Hyderabad,1200.0
22,Dr. Kavya Joshi,Dermatology,Delhi,2000.0
23,Dr. Rohan Patel,Orthopedics,Hyderabad,800.0
24,Dr. Isha Verma,Orthopedics,Delhi,1500.0
25,Dr. Rahul Mehta,Neurology,Bangalore,2000.0
26,Dr. Sneha Kumar,Pediatrics,Pune,800.0
27,Dr. Aditya Verma,Pediatrics,Pune,1200.0
28,Dr. Arjun Reddy,Cardiology,Pune,1200.0
29,Dr. Arjun Reddy,Cardiology,Hyderabad,1000.0
30,Dr. Rohan Mehta,Cardiology,Pune,2000.0
31,Dr. Aditya Sharma,Pediatrics,Bangalore,1000.0
32,Dr. Kavya Mehta,Dermatology,Pune,700.0
33,Dr. Pooja Kumar,Orthopedics,Mumbai,1500.0
34,Dr. Aarav Verma,General Medicine,Chennai,700.0
35,Dr. Sneha Sharma,Neurology,Delhi,2000.0
36,Dr. Aditya Sharma,ENT,Delhi,2000.0
37,Dr. Priya Patel,General Medicine,Mumbai,500.0
38,Dr. Aarav Kumar,Pediatrics,Chennai,500.0
39,Dr. Aditi Singh,Orthopedics,Delhi,1500.0
40,Dr. Sneha Joshi,Dermatology,Bangalore,2000.0
41,Dr. Sneha Mehta,Orthopedics,Bangalore,2000.0
42,Dr. Vivaan Singh,Neurology,Pune,1000.0
43,Dr. Kavya Kumar,General Medicine,Bangalore,500.0
44,Dr. Isha Singh,ENT,Mumbai,1200.0
45,Dr. Kavya Reddy,Neurology,Chennai,2000.0
46,Dr. Kavya Gupta,ENT,Delhi,1200.0
47,Dr. Rohan Verma,Dermatology,Pune,500.0
48,Dr. Aditya Patel,Dermatology,Mumbai,700.0
49,Dr. Aarav Kumar,Dermatology,Bangalore,1000.0
50,Dr. Pooja Kumar,Orthopedics,Mumbai,1200.0
51,Dr. Isha Agarwal,Cardiology,Mumbai,1500.0
52,Dr. Rohan Reddy,Cardiology,Pune,500.0
53,Dr. Priya Kumar,Neurology,Delhi,1500.0
54,Dr. Sneha Kumar,General Medicine,Hyderabad,1500.0
55,Dr. Aditi Kumar,Orthopedics,Chennai,700.0
56,Dr. Arjun Patel,Dermatology,Bangalore,1000.0
57,Dr. Isha Agarwal,Orthopedics,Delhi,1500.0
58,Dr. Sneha Mehta,ENT,Chennai,2000.0
59,Dr. Kavya Reddy,ENT,Bangalore,1500.0
60,Dr. Pooja Agarwal,ENT,Hyderabad,1200.0
61,Dr. Priya Joshi,General Medicine,Mumbai,500.0
62,Dr. Aditi Agarwal,Cardiology,Hyderabad,2000.0
63,Dr. Sneha Joshi,Neurology,Chennai,1200.0
64,Dr. Aditya Patel,Orthopedics,Chennai,1000.0
65,Dr. Vivaan Reddy,General Medicine,Chennai,1000.0
66,Dr. Vivaan Joshi,Dermatology,Hyderabad,1000.0
67,Dr. Aditya Joshi,Dermatology,Delhi,1200.0
68,Dr. Aarav Joshi,Dermatology,Pune,2000.0
69,Dr. Rahul Sharma,Dermatology,Mumbai,2000.0
70,Dr. Aarav Reddy,Pediatrics,Hyderabad,500.0
71,Dr. Ananya Singh,General Medicine,Hyderabad,1200.0
72,Dr. Aarav Verma,Dermatology,Hyderabad,800.0
73,Dr. Ananya Patel,ENT,Bangalore,2000.0
74,Dr. Kavya Gupta,Orthopedics,Delhi,1000.0
75,Dr. Simran Gupta,Dermatology,Hyderabad,1500.0
76,Dr. Kavya Joshi,Neurology,Pune,2000.0
77,Dr. Rohan Verma,Neurology,Chennai,1000.0
78,Dr. Sneha Patel,General Medicine,Bangalore,2000.0
79,Dr. Aarav Sharma,Orthopedics,Delhi,1500.0
80,Dr. Isha Joshi,Dermatology,Chennai,1000.0
81,Dr. Simran Reddy,Neurology,Delhi,800.0
82,Dr. Aditya Kumar,Neurology,Pune,2000.0
83,Dr. Vivaan Sharma,ENT,Pune,1000.0
84,Dr. Neha Sharma,Neurology,Bangalore,500.0
85,Dr. Vivaan Agarwal,Cardiology,Delhi,1200.0
86,Dr. Kavya Sharma,Neurology,Pune,500.0
87,Dr. Ananya Mehta,Neurology,Chennai,700.0
88,Dr. Pooja Sharma,Neurology,Chennai,800.0
89,Dr. Arjun Agarwal,Orthopedics,Chennai,1200.0
90,Dr. Pooja Singh,Neurology,Mumbai,700.0
91,Dr. Kavya Joshi,Neurology,Delhi,800.0
92,Dr. Rahul Sharma,Pediatrics,Chennai,1500.0
93,Dr. Aditi Patel,General Medicine,Pune,1000.0
94,Dr. Sneha Mehta,Cardiology,Mumbai,1500.0
95,Dr. Kavya Gupta,ENT,Chennai,800.0
96,Dr. Isha Gupta,Dermatology,Bangalore,800.0
97,Dr. Ananya Patel,ENT,Chennai,1000.0
98,Dr. Arjun Reddy,Orthopedics,Pune,700.0
99,Dr. Pooja Mehta,Cardiology,Chennai,1000.0
100,Dr. Ananya Joshi,Pediatrics,Bangalore,1000.0
31,Dr. Aditya Sharma,Pediatrics,Bangalore,1000.0
